SKU,units_28d,revenue_28d,previous_28d_units,unit_change
SKU012,646,5671473.0200000005,647,-1
SKU027,645,5493207.0,635,10
SKU018,628,3501357.48,613,15
SKU049,627,3275052.9899999998,620,7
SKU007,620,3170735.8,606,14
SKU042,594,5464105.02,549,45
SKU045,590,4529300.2,638,-48
SKU037,581,1596251.02,628,-47
SKU026,564,6169900.56,533,31
SKU043,544,4757698.88,549,-5
SKU035,525,5706849.75,510,15
SKU014,503,1142187.25,532,-29
SKU034,492,746924.88,520,-28
SKU010,440,291922.4,411,29
SKU031,439,3826293.27,457,-18
SKU033,427,1519266.0,481,-54
SKU029,415,4831616.75,374,41
SKU005,412,3911206.6399999997,427,-15
SKU019,407,1961678.95,404,3
SKU008,407,4005954.48,410,-3
SKU023,393,556778.82,353,40
SKU047,389,3087967.58,367,22
SKU017,371,3145085.7199999997,374,-3
SKU040,364,892003.84,357,7
SKU001,353,1293409.65,345,8
SKU013,352,2026738.56,346,6
SKU020,344,1340753.76,366,-22
SKU016,342,741052.4400000001,327,15
SKU024,309,546580.83,329,-20
SKU009,301,703403.89,244,57
SKU041,276,2852937.48,290,-14
SKU022,268,1232004.04,247,21
SKU032,236,1324571.24,238,-2
SKU046,234,1679076.3599999999,213,21
SKU044,223,1206938.44,218,5
SKU002,215,818223.35,262,-47
SKU038,209,825361.9,217,-8
SKU021,206,1588523.68,192,14
SKU048,203,280048.65,205,-2
SKU006,165,1337496.5999999999,156,9
SKU050,165,145648.8,161,4
SKU004,132,905727.24,106,26
SKU003,127,1025935.21,152,-25
SKU036,123,699501.0,122,1
SKU030,119,1122587.69,114,5
SKU028,112,390218.08,152,-40
SKU015,99,614999.88,99,0
SKU011,70,101119.2,75,-5
SKU039,68,484088.6,77,-9
SKU025,64,739712.64,50,14
