model,scale,n,MAE,RMSE,WAPE_pct,Bias_pct,MAPE_pct,origin
LightGBM,daily,2800,2.8178439508307966,3.67671604500228,22.272302222515826,2.299076480454859,33.79974280073646,2025-07-17
Seasonal naive,daily,2800,4.0875,5.39738693390475,32.30769230769231,11.333803810868032,49.3289363959439,2025-07-17
Moving average (28d),daily,2800,3.4847704081632656,4.49249657876376,27.5437040024196,16.443189837685253,43.88032178151966,2025-07-17
LightGBM,daily,2800,2.779724617211513,3.691325423232697,23.66370413849453,-1.1121586072749778,32.69025207285562,2025-09-11
Seasonal naive,daily,2800,3.8875,5.168828272856984,33.094159496518806,5.098659207685993,45.31112768537338,2025-09-11
Moving average (28d),daily,2800,3.0566326530612247,4.01520388584415,26.021013129948706,5.202030950716003,37.07065833225098,2025-09-11
LightGBM,daily,2800,2.8910101618033934,3.8032446776115028,23.371141162517326,-3.260641828554002,32.85764371177848,2025-11-06
Seasonal naive,daily,2800,3.887857142857143,5.024369185707367,31.429726296339066,-0.6813719829079571,43.919264845193545,2025-11-06
Moving average (28d),daily,2800,3.0789285714285715,4.129473455588275,24.890287562074143,-7.437348423605497,33.272412902380324,2025-11-06
LightGBM,weekly,400,8.164315905226777,10.980895944419764,9.218705327002713,2.299076480454859,11.031065085847302,2025-07-17
Seasonal naive,weekly,400,13.4675,17.839212426561886,15.206774876499646,11.333803810868032,18.875233915744566,2025-07-17
Moving average (28d),weekly,400,15.65375,20.061499196221604,17.675370501058573,16.443189837685253,20.54926405800689,2025-07-17
LightGBM,weekly,400,8.302631559571184,10.88647301373662,10.097147012339162,-1.1121586072749778,11.906436376719034,2025-09-11
Seasonal naive,weekly,400,11.4925,14.92338768510689,13.976467726733757,5.098659207685993,17.30695698721503,2025-09-11
Moving average (28d),weekly,400,9.51,12.251377473574145,11.565473837827977,5.202030950716002,13.990355462462068,2025-09-11
LightGBM,weekly,400,8.568102041390254,11.454576185425735,9.895024877457276,-3.2606418285540015,11.97242566074838,2025-11-06
Seasonal naive,weekly,400,10.565,13.967283200393698,12.201177965122993,-0.6813719829079571,15.974206553664793,2025-11-06
Moving average (28d),weekly,400,9.49,12.738916751435344,10.959695114909342,-7.437348423605497,12.711429099389516,2025-11-06
