sku,avg_daily_demand,demand_std,inventory_model,risk_forecast_origin,risk_error_basis,current_stock,on_order,lead_time_days,unit_cost,price,lead_time_demand,review_demand,demand_60d,snapshot_date,inventory_position,safety_stock,reorder_point,days_of_cover,stockout_gap,immediate_shortfall_units,excess_units,incoming_excess_units,receipt_timing_warning,flag,target_replenishment_qty,recommended_order_qty,clearance_review_units,lead_time_revenue_exposure,receipt_delay_revenue_exposure,excess_inventory_value,order_value,priority,action,stockout_axis,overstock_axis,revenue_at_stake
SKU012,24.485132639304233,7.885359605236537,LightGBM; sparse SKU fallback where flagged,2025-12-01,Prior 56 days seasonal-naive daily residual standard deviation,47.0,60.0,12,1256.89,8779.37,265.9293107241992,422.977736681655,1469.1079583582539,2025-12-01,107.0,45.0,311.0,1.9195321786639725,204.0,218.92931072419918,0.0,0.0,True,Reorder now,361.0,361.0,0.0,1395299.2226927127,1922061.4226927129,0.0,453737.29000000004,Critical,Order 361 units now; verify receipt timing; verify / expedite on-order receipt timing,0.6559485530546624,0.0,1395299.2226927127
SKU031,17.755966634445304,5.491877118591992,LightGBM; sparse SKU fallback where flagged,2025-12-01,Prior 56 days seasonal-naive daily residual standard deviation,93.0,40.0,13,6300.65,8715.93,208.65034950653686,322.5559506502969,1065.3579980667182,2025-12-01,133.0,33.0,242.0,5.237675983214941,109.0,115.65034950653686,0.0,0.0,True,Reorder now,223.0,223.0,0.0,659363.1507745098,1008000.3507745098,0.0,1405044.95,Critical,Order 223 units now; verify receipt timing; verify / expedite on-order receipt timing,0.45041322314049587,0.0,659363.1507745098
SKU017,12.95991926123573,4.06533492494137,LightGBM; sparse SKU fallback where flagged,2025-12-01,Prior 56 days seasonal-naive daily residual standard deviation,95.0,26.0,12,6703.26,8477.32,148.2832377790999,235.587780938763,777.5951556741437,2025-12-01,121.0,24.0,173.0,7.330292580151594,52.0,53.28323777909989,0.0,0.0,True,Reorder now,139.0,139.0,0.0,231288.73728951908,451699.05728951906,0.0,931753.14,Critical,Order 139 units now; verify receipt timing; verify / expedite on-order receipt timing,0.30057803468208094,0.0,231288.73728951908
SKU040,14.255540115658896,5.497106676987616,LightGBM; sparse SKU fallback where flagged,2025-12-01,Prior 56 days seasonal-naive daily residual standard deviation,67.0,29.0,9,5169.07,2450.56,116.06448461056732,209.54091905760595,855.3324069395337,2025-12-01,96.0,28.0,145.0,4.699927148070969,49.0,49.06448461056732,0.0,0.0,True,Reorder now,142.0,142.0,0.0,49169.22340727185,120235.46340727185,0.0,734007.94,Critical,Order 142 units now; verify receipt timing; verify / expedite on-order receipt timing,0.33793103448275863,0.0,49169.22340727185
SKU010,15.840965482706084,6.5669133273822515,LightGBM; sparse SKU fallback where flagged,2025-12-01,Prior 56 days seasonal-naive daily residual standard deviation,83.0,70.0,13,3889.06,663.46,190.71068745962864,294.99580327299367,950.457928962365,2025-12-01,153.0,39.0,230.0,5.23957962604065,77.0,107.71068745962864,0.0,0.0,True,Reorder now,181.0,181.0,0.0,25019.53270196522,71461.73270196523,0.0,703919.86,Critical,Order 181 units now; verify receipt timing; verify / expedite on-order receipt timing,0.3347826086956522,0.0,25019.53270196522
SKU025,2.6902469422118735,1.92985767593122,LightGBM; sparse SKU fallback where flagged,2025-12-01,Prior 56 days seasonal-naive daily residual standard deviation,1124.0,61.0,14,1333.08,11558.01,36.56308402543111,55.43098455286411,161.41481653271242,2025-12-01,1185.0,12.0,49.0,417.8055115921318,0.0,0.0,962.5851834672876,1023.5851834672876,False,Markdown / clear,0.0,0.0,962.0,0.0,0.0,1283203.0563765718,0.0,Medium,Review 962 units for markdown / clearance; pause ordering,0.0,5.963425193202196,11125569.176366745
SKU020,12.845628014397546,4.9421326696756465,LightGBM; sparse SKU fallback where flagged,2025-12-01,Prior 56 days seasonal-naive daily residual standard deviation,1002.0,353.0,3,6700.01,3897.54,34.14262617669748,120.85523732252223,770.7376808638528,2025-12-01,1355.0,15.0,50.0,78.00319290555086,0.0,0.0,231.2623191361472,584.2623191361472,False,Markdown / clear,0.0,0.0,231.0,0.0,0.0,1549459.8508353776,0.0,Medium,Review 231 units for markdown / clearance; pause ordering,0.0,0.3000532150925142,901354.1393258992
SKU011,2.6494602116734187,2.2802796593127175,LightGBM; sparse SKU fallback where flagged,2025-12-01,Prior 56 days seasonal-naive daily residual standard deviation,753.0,269.0,3,1718.4,1444.56,6.6964698691257745,24.586376605331846,158.9676127004051,2025-12-01,1022.0,7.0,14.0,284.2088349477042,0.0,0.0,594.0323872995949,863.0323872995949,False,Markdown / clear,0.0,0.0,594.0,0.0,0.0,1020785.2543356239,0.0,Medium,Review 594 units for markdown / clearance; pause ordering,0.0,3.7368139157950697,858115.4253975028
SKU036,4.725692070116417,3.0746132688919996,LightGBM; sparse SKU fallback where flagged,2025-12-01,Prior 56 days seasonal-naive daily residual standard deviation,383.0,135.0,3,5430.12,5687.0,12.025569848590786,42.89796561351152,283.541524206985,2025-12-01,518.0,9.0,22.0,81.04633021308238,0.0,0.0,99.458475793015,234.458475793015,False,Markdown / clear,0.0,0.0,99.0,0.0,0.0,540071.4585731666,0.0,Medium,Review 99 units for markdown / clearance; pause ordering,0.0,0.3507721702180398,565620.3518348763
SKU003,5.194238741158605,3.4390802153007027,LightGBM; sparse SKU fallback where flagged,2025-12-01,Prior 56 days seasonal-naive daily residual standard deviation,349.0,12.0,3,589.48,8078.23,13.748421902354892,48.894526614284786,311.6543244695164,2025-12-01,361.0,10.0,24.0,67.18982653503399,0.0,0.0,37.34567553048362,49.34567553048362,False,Markdown / clear,0.0,0.0,37.0,0.0,0.0,22014.528811709482,0.0,Medium,Review 37 units for markdown / clearance; pause ordering,0.0,0.11983044225056624,301686.95644061867
SKU001,13.046637415645193,4.506524851120455,LightGBM; sparse SKU fallback where flagged,2025-12-01,Prior 56 days seasonal-naive daily residual standard deviation,771.0,147.0,4,1758.45,3664.05,44.681752816070464,132.95003728586786,782.7982449387114,2025-12-01,918.0,15.0,60.0,59.095686914349024,0.0,0.0,0.0,135.20175506128862,False,Healthy,0.0,0.0,0.0,0.0,0.0,0.0,0.0,Low,No action; monitor weekly,0.0,0.0,0.0
SKU002,9.92269984846369,3.354343956219067,LightGBM; sparse SKU fallback where flagged,2025-12-01,Prior 56 days seasonal-naive daily residual standard deviation,526.0,29.0,3,3867.09,3805.69,25.602113759160638,90.07598650181802,595.3619909078215,2025-12-01,555.0,10.0,36.0,53.009766296764425,0.0,0.0,0.0,0.0,False,Healthy,0.0,0.0,0.0,0.0,0.0,0.0,0.0,Low,No action; monitor weekly,0.0,0.0,0.0
SKU004,4.3811122721420395,2.9200938430036887,LightGBM; sparse SKU fallback where flagged,2025-12-01,Prior 56 days seasonal-naive daily residual standard deviation,259.0,254.0,6,1445.74,6861.57,22.372565432396588,51.23247073424526,262.86673632852245,2025-12-01,513.0,12.0,35.0,59.117407615159834,0.0,0.0,0.0,250.13326367147755,False,Healthy,0.0,0.0,0.0,0.0,0.0,0.0,0.0,Low,No action; monitor weekly,0.0,0.0,0.0
SKU005,15.974589799142416,5.47197701635638,LightGBM; sparse SKU fallback where flagged,2025-12-01,Prior 56 days seasonal-naive daily residual standard deviation,471.0,291.0,6,5543.63,9493.22,86.54989595239824,193.31928942887686,958.4753879485447,2025-12-01,762.0,23.0,110.0,29.48432516403553,0.0,0.0,0.0,0.0,False,Healthy,0.0,0.0,0.0,0.0,0.0,0.0,0.0,Low,No action; monitor weekly,0.0,0.0,0.0
SKU006,6.277655457018599,2.9258698340347067,LightGBM; sparse SKU fallback where flagged,2025-12-01,Prior 56 days seasonal-naive daily residual standard deviation,359.0,485.0,13,6021.91,8106.04,71.4057071356278,112.97976864412773,376.65932742111596,2025-12-01,844.0,18.0,90.0,57.1869549799245,0.0,0.0,0.0,467.34067257888404,False,Healthy,0.0,0.0,0.0,0.0,0.0,0.0,0.0,Low,No action; monitor weekly,0.0,0.0,0.0
SKU007,23.143726153338992,6.687456760389402,LightGBM; sparse SKU fallback where flagged,2025-12-01,Prior 56 days seasonal-naive daily residual standard deviation,207.0,460.0,8,7748.2,5114.09,173.28304207303125,326.7725722937899,1388.6235692003395,2025-12-01,667.0,32.0,206.0,8.94410859463681,0.0,0.0,0.0,0.0,False,Healthy,0.0,0.0,0.0,0.0,0.0,0.0,0.0,Low,No action; monitor weekly,0.0,0.0,0.0
SKU008,15.24819234132289,6.229772462543471,LightGBM; sparse SKU fallback where flagged,2025-12-01,Prior 56 days seasonal-naive daily residual standard deviation,325.0,155.0,3,2775.15,9842.64,39.67323109193935,141.02348781886437,914.8915404793734,2025-12-01,480.0,18.0,58.0,21.314001864945254,0.0,0.0,0.0,0.0,False,Healthy,0.0,0.0,0.0,0.0,0.0,0.0,0.0,Low,No action; monitor weekly,0.0,0.0,0.0
SKU009,9.967678796577774,4.73834866297828,LightGBM; sparse SKU fallback where flagged,2025-12-01,Prior 56 days seasonal-naive daily residual standard deviation,75.0,89.0,7,3121.06,2336.89,62.24423779419377,127.45466046204147,598.0607277946663,2025-12-01,164.0,21.0,84.0,7.524319506137169,0.0,0.0,0.0,0.0,False,Healthy,0.0,0.0,0.0,0.0,0.0,0.0,0.0,Low,No action; monitor weekly,0.0,0.0,0.0
SKU013,12.723381246184518,4.214654397256279,LightGBM; sparse SKU fallback where flagged,2025-12-01,Prior 56 days seasonal-naive daily residual standard deviation,151.0,95.0,4,3936.71,5757.78,45.43926391712934,131.72032872741886,763.402874771071,2025-12-01,246.0,14.0,60.0,11.867914438646709,0.0,0.0,0.0,0.0,False,Healthy,0.0,0.0,0.0,0.0,0.0,0.0,0.0,Low,No action; monitor weekly,0.0,0.0,0.0
SKU014,19.933447754172114,6.295741706611194,LightGBM; sparse SKU fallback where flagged,2025-12-01,Prior 56 days seasonal-naive daily residual standard deviation,309.0,334.0,10,2008.55,2270.75,194.62517939450095,327.0953105176277,1196.006865250327,2025-12-01,643.0,33.0,228.0,15.501583258988683,0.0,0.0,0.0,0.0,False,Healthy,0.0,0.0,0.0,0.0,0.0,0.0,0.0,Low,No action; monitor weekly,0.0,0.0,0.0
SKU015,4.045071013619306,2.721725961185697,LightGBM; sparse SKU fallback where flagged,2025-12-01,Prior 56 days seasonal-naive daily residual standard deviation,187.0,245.0,9,5441.06,6212.12,32.48077941359856,59.463052085189176,242.70426081715837,2025-12-01,432.0,14.0,47.0,46.22910187989079,0.0,0.0,0.0,189.29573918284163,False,Healthy,0.0,0.0,0.0,0.0,0.0,0.0,0.0,Low,No action; monitor weekly,0.0,0.0,0.0
SKU016,12.73904582097036,5.150431831598982,LightGBM; sparse SKU fallback where flagged,2025-12-01,Prior 56 days seasonal-naive daily residual standard deviation,255.0,187.0,11,3637.93,2166.82,129.81630285674458,212.75591612975208,764.3427492582217,2025-12-01,442.0,29.0,159.0,20.017197801442254,0.0,0.0,0.0,0.0,False,Healthy,0.0,0.0,0.0,0.0,0.0,0.0,0.0,Low,No action; monitor weekly,0.0,0.0,0.0
SKU018,23.753002781452576,6.296463653945327,LightGBM; sparse SKU fallback where flagged,2025-12-01,Prior 56 days seasonal-naive daily residual standard deviation,235.0,102.0,8,5677.05,5575.41,179.41219722931018,339.19382538721067,1425.1801668871547,2025-12-01,337.0,30.0,210.0,9.893485979949393,0.0,0.0,0.0,0.0,False,Healthy,33.0,0.0,0.0,0.0,0.0,0.0,0.0,Low,No action; monitor weekly,0.0,0.0,0.0
SKU019,14.969225406325991,5.11069034907769,LightGBM; sparse SKU fallback where flagged,2025-12-01,Prior 56 days seasonal-naive daily residual standard deviation,227.0,114.0,14,2670.84,4819.85,200.73490742641553,298.19931508169987,898.1535243795595,2025-12-01,341.0,32.0,233.0,15.164445309512798,0.0,0.0,0.0,0.0,False,Healthy,0.0,0.0,0.0,0.0,0.0,0.0,0.0,Low,No action; monitor weekly,0.0,0.0,0.0
SKU021,7.96595145491529,3.86929303250976,LightGBM; sparse SKU fallback where flagged,2025-12-01,Prior 56 days seasonal-naive daily residual standard deviation,88.0,97.0,9,6486.92,7711.28,63.80152943358361,115.28736689036099,477.9570872949174,2025-12-01,185.0,20.0,84.0,11.04701685643599,0.0,0.0,0.0,0.0,False,Healthy,0.0,0.0,0.0,0.0,0.0,0.0,0.0,Low,No action; monitor weekly,0.0,0.0,0.0
SKU022,9.682877971536298,4.668177708365773,LightGBM; sparse SKU fallback where flagged,2025-12-01,Prior 56 days seasonal-naive daily residual standard deviation,95.0,194.0,8,3252.96,4597.03,68.16555898758597,131.3024561737059,580.9726782921778,2025-12-01,289.0,22.0,91.0,9.811132628053473,0.0,0.0,0.0,0.0,False,Healthy,0.0,0.0,0.0,0.0,0.0,0.0,0.0,Low,No action; monitor weekly,0.0,0.0,0.0
SKU023,13.371815278164535,4.598383397470232,LightGBM; sparse SKU fallback where flagged,2025-12-01,Prior 56 days seasonal-naive daily residual standard deviation,130.0,79.0,12,2484.54,1416.74,148.9655972027621,237.6009676496892,802.3089166898721,2025-12-01,209.0,27.0,176.0,9.721941060035663,0.0,18.965597202762098,0.0,0.0,True,Healthy,56.0,0.0,0.0,0.0,26869.320181041174,0.0,0.0,Low,No action; monitor weekly; verify / expedite on-order receipt timing,0.0,0.0,0.0
SKU024,11.997295584437575,4.748444721456414,LightGBM; sparse SKU fallback where flagged,2025-12-01,Prior 56 days seasonal-naive daily residual standard deviation,341.0,18.0,14,5539.34,1768.87,155.76049357368476,237.2970543742294,719.8377350662545,2025-12-01,359.0,30.0,186.0,28.423072316592076,0.0,0.0,0.0,0.0,False,Healthy,0.0,0.0,0.0,0.0,0.0,0.0,0.0,Low,No action; monitor weekly,0.0,0.0,0.0
SKU026,20.825862752387295,5.636614992300659,LightGBM; sparse SKU fallback where flagged,2025-12-01,Prior 56 days seasonal-naive daily residual standard deviation,160.0,70.0,5,1799.29,10939.54,91.0620999069206,231.51934986457377,1249.5517651432372,2025-12-01,230.0,21.0,113.0,7.682754942849078,0.0,0.0,0.0,0.0,False,Healthy,23.0,0.0,0.0,0.0,0.0,0.0,0.0,Low,No action; monitor weekly,0.0,0.0,0.0
SKU027,24.173450328246126,7.1717112015502655,LightGBM; sparse SKU fallback where flagged,2025-12-01,Prior 56 days seasonal-naive daily residual standard deviation,567.0,103.0,3,307.06,8516.6,60.800328340042995,216.5873646595069,1450.4070196947673,2025-12-01,670.0,21.0,82.0,23.45548493495252,0.0,0.0,0.0,0.0,False,Healthy,0.0,0.0,0.0,0.0,0.0,0.0,0.0,Low,No action; monitor weekly,0.0,0.0,0.0
SKU028,5.397750570161907,3.183561674455975,LightGBM; sparse SKU fallback where flagged,2025-12-01,Prior 56 days seasonal-naive daily residual standard deviation,174.0,55.0,11,6348.66,3484.09,55.99071935380308,93.8237669554314,323.8650342097144,2025-12-01,229.0,18.0,74.0,32.23565033957855,0.0,0.0,0.0,0.0,False,Healthy,0.0,0.0,0.0,0.0,0.0,0.0,0.0,Low,No action; monitor weekly,0.0,0.0,0.0
SKU029,15.15677997150524,5.222702688898093,LightGBM; sparse SKU fallback where flagged,2025-12-01,Prior 56 days seasonal-naive daily residual standard deviation,261.0,520.0,5,5402.59,11642.45,65.10591743786348,166.29517424283057,909.4067982903142,2025-12-01,781.0,20.0,86.0,17.2200164210789,0.0,0.0,0.0,0.0,False,Healthy,0.0,0.0,0.0,0.0,0.0,0.0,0.0,Low,No action; monitor weekly,0.0,0.0,0.0
SKU030,4.52588071479322,2.907614276210099,LightGBM; sparse SKU fallback where flagged,2025-12-01,Prior 56 days seasonal-naive daily residual standard deviation,166.0,32.0,9,5715.03,9433.51,38.52589426701698,69.50192251488717,271.5528428875933,2025-12-01,198.0,15.0,54.0,36.67794413083295,0.0,0.0,0.0,0.0,False,Healthy,0.0,0.0,0.0,0.0,0.0,0.0,0.0,Low,No action; monitor weekly,0.0,0.0,0.0
SKU032,8.763472118510062,3.3988156837269146,LightGBM; sparse SKU fallback where flagged,2025-12-01,Prior 56 days seasonal-naive daily residual standard deviation,278.0,214.0,11,3806.6,5612.59,88.87332325270167,147.41220555109066,525.8083271106038,2025-12-01,492.0,19.0,108.0,31.72258623529057,0.0,0.0,0.0,0.0,False,Healthy,0.0,0.0,0.0,0.0,0.0,0.0,0.0,Low,No action; monitor weekly,0.0,0.0,0.0
SKU033,16.754549277071565,5.00282387789604,LightGBM; sparse SKU fallback where flagged,2025-12-01,Prior 56 days seasonal-naive daily residual standard deviation,208.0,168.0,12,4657.74,3558.0,190.37818060429063,301.9433065501433,1005.2729566242939,2025-12-01,376.0,29.0,220.0,12.414538676050567,0.0,0.0,0.0,0.0,False,Healthy,0.0,0.0,0.0,0.0,0.0,0.0,0.0,Low,No action; monitor weekly,0.0,0.0,0.0
SKU034,19.321505286555198,6.266381130088758,LightGBM; sparse SKU fallback where flagged,2025-12-01,Prior 56 days seasonal-naive daily residual standard deviation,34.0,103.0,5,1333.43,1518.14,85.41117172408559,217.76192906404222,1159.290317193312,2025-12-01,137.0,24.0,110.0,1.75969726456348,0.0,51.41117172408559,0.0,0.0,True,Healthy,105.0,0.0,0.0,0.0,78049.3562412033,0.0,0.0,Low,No action; monitor weekly; verify / expedite on-order receipt timing,0.0,0.0,0.0
SKU035,19.974697636151387,5.912758602016007,LightGBM; sparse SKU fallback where flagged,2025-12-01,Prior 56 days seasonal-naive daily residual standard deviation,670.0,76.0,8,1137.61,10870.19,148.99682599805635,283.25444264350745,1198.481858169083,2025-12-01,746.0,28.0,177.0,33.54243514492026,0.0,0.0,0.0,0.0,False,Healthy,0.0,0.0,0.0,0.0,0.0,0.0,0.0,Low,No action; monitor weekly,0.0,0.0,0.0
SKU037,23.352837882534992,5.335497396450725,LightGBM; sparse SKU fallback where flagged,2025-12-01,Prior 56 days seasonal-naive daily residual standard deviation,355.0,687.0,8,3901.0,2747.42,179.0039978225808,338.8890782130362,1401.1702729520996,2025-12-01,1042.0,25.0,205.0,15.20157857411821,0.0,0.0,0.0,0.0,False,Healthy,0.0,0.0,0.0,0.0,0.0,0.0,0.0,Low,No action; monitor weekly,0.0,0.0,0.0
SKU038,7.515976381811952,3.5397097980689685,LightGBM; sparse SKU fallback where flagged,2025-12-01,Prior 56 days seasonal-naive daily residual standard deviation,159.0,310.0,12,4630.58,3949.1,86.23311387219991,139.09634491370585,450.9585829087172,2025-12-01,469.0,21.0,108.0,21.154936088512333,0.0,0.0,0.0,18.041417091282824,False,Healthy,0.0,0.0,0.0,0.0,0.0,0.0,0.0,Low,No action; monitor weekly,0.0,0.0,0.0
SKU039,2.8846291579390475,2.0975403034686426,LightGBM; sparse SKU fallback where flagged,2025-12-01,Prior 56 days seasonal-naive daily residual standard deviation,93.0,35.0,3,6178.74,7118.95,7.095398286458179,26.201671929191054,173.07774947634286,2025-12-01,128.0,6.0,14.0,32.239846062723984,0.0,0.0,0.0,0.0,False,Healthy,0.0,0.0,0.0,0.0,0.0,0.0,0.0,Low,No action; monitor weekly,0.0,0.0,0.0
SKU041,10.61611809095022,5.426246939105871,LightGBM; sparse SKU fallback where flagged,2025-12-01,Prior 56 days seasonal-naive daily residual standard deviation,440.0,40.0,4,4540.24,10336.73,36.61468493751404,106.13187462497594,636.9670854570132,2025-12-01,480.0,18.0,55.0,41.44641160077909,0.0,0.0,0.0,0.0,False,Healthy,0.0,0.0,0.0,0.0,0.0,0.0,0.0,Low,No action; monitor weekly,0.0,0.0,0.0
SKU042,20.062371192714824,5.5795312375833905,LightGBM; sparse SKU fallback where flagged,2025-12-01,Prior 56 days seasonal-naive daily residual standard deviation,90.0,120.0,6,4583.86,9198.83,112.78225715983629,250.53518796666216,1203.7422715628895,2025-12-01,210.0,23.0,136.0,4.486010109945597,0.0,22.78225715983629,0.0,0.0,True,Healthy,64.0,0.0,0.0,0.0,209570.11062961686,0.0,0.0,Low,No action; monitor weekly; verify / expedite on-order receipt timing,0.0,0.0,0.0
SKU043,20.309230713496706,5.899042405229962,LightGBM; sparse SKU fallback where flagged,2025-12-01,Prior 56 days seasonal-naive daily residual standard deviation,559.0,211.0,12,2605.61,8745.77,231.89134075234813,368.5929367114841,1218.5538428098023,2025-12-01,770.0,34.0,266.0,27.524430042961246,0.0,0.0,0.0,0.0,False,Healthy,0.0,0.0,0.0,0.0,0.0,0.0,0.0,Low,No action; monitor weekly,0.0,0.0,0.0
SKU044,8.870577849018519,3.9774935003660965,LightGBM; sparse SKU fallback where flagged,2025-12-01,Prior 56 days seasonal-naive daily residual standard deviation,223.0,39.0,5,488.84,5412.28,36.79139609874565,91.92377531937268,532.2346709411111,2025-12-01,262.0,15.0,52.0,25.139286729181205,0.0,0.0,0.0,0.0,False,Healthy,0.0,0.0,0.0,0.0,0.0,0.0,0.0,Low,No action; monitor weekly,0.0,0.0,0.0
SKU045,24.623174233252527,6.626883461747642,LightGBM; sparse SKU fallback where flagged,2025-12-01,Prior 56 days seasonal-naive daily residual standard deviation,307.0,142.0,4,3634.56,7676.78,84.12554787221444,245.3482228039778,1477.3904539951513,2025-12-01,449.0,22.0,107.0,12.467929483494855,0.0,0.0,0.0,0.0,False,Healthy,0.0,0.0,0.0,0.0,0.0,0.0,0.0,Low,No action; monitor weekly,0.0,0.0,0.0
SKU046,8.681101124868295,4.509009739529161,LightGBM; sparse SKU fallback where flagged,2025-12-01,Prior 56 days seasonal-naive daily residual standard deviation,119.0,182.0,4,1913.03,7175.54,29.08548133403362,84.82797022638903,520.8660674920977,2025-12-01,301.0,15.0,45.0,13.707938461758836,0.0,0.0,0.0,0.0,False,Healthy,0.0,0.0,0.0,0.0,0.0,0.0,0.0,Low,No action; monitor weekly,0.0,0.0,0.0
SKU047,13.154377116116784,5.510291434063329,LightGBM; sparse SKU fallback where flagged,2025-12-01,Prior 56 days seasonal-naive daily residual standard deviation,201.0,129.0,9,3416.1,7938.22,112.41292291054405,199.5687854663156,789.262626967007,2025-12-01,330.0,28.0,141.0,15.280084965310458,0.0,0.0,0.0,0.0,False,Healthy,0.0,0.0,0.0,0.0,0.0,0.0,0.0,Low,No action; monitor weekly,0.0,0.0,0.0
SKU048,7.983866191027756,4.472571531445429,LightGBM; sparse SKU fallback where flagged,2025-12-01,Prior 56 days seasonal-naive daily residual standard deviation,106.0,50.0,3,6863.87,1379.55,19.922939581060785,71.34696898288885,479.0319714616653,2025-12-01,156.0,13.0,33.0,13.276775620202962,0.0,0.0,0.0,0.0,False,Healthy,0.0,0.0,0.0,0.0,0.0,0.0,0.0,Low,No action; monitor weekly,0.0,0.0,0.0
SKU049,23.46722279064937,6.597298738828692,LightGBM; sparse SKU fallback where flagged,2025-12-01,Prior 56 days seasonal-naive daily residual standard deviation,780.0,599.0,5,2063.03,5223.37,104.15847041423868,259.76739543163563,1408.0333674389622,2025-12-01,1379.0,25.0,130.0,33.23784867763708,0.0,0.0,0.0,0.0,False,Healthy,0.0,0.0,0.0,0.0,0.0,0.0,0.0,Low,No action; monitor weekly,0.0,0.0,0.0
SKU050,5.632611437900721,2.9125233402999893,LightGBM; sparse SKU fallback where flagged,2025-12-01,Prior 56 days seasonal-naive daily residual standard deviation,328.0,525.0,14,701.85,882.72,73.67759684500784,111.6894415605781,337.9566862740432,2025-12-01,853.0,18.0,92.0,58.23231437427999,0.0,0.0,0.0,515.0433137259568,False,Healthy,0.0,0.0,0.0,0.0,0.0,0.0,0.0,Low,No action; monitor weekly,0.0,0.0,0.0
