sku,price,avg_daily_demand_hist,avg_daily_demand,forecast_30d_units,hist_revenue,wape_pct,demand_std,lead_time_days,current_stock,unit_cost,abc_class
SKU001,3664.05,12.607142857142858,13.758462728526805,412.75388185580414,38479853.1,22.348,3.412,4,68,2381.63,B
SKU002,3805.69,7.678571428571429,9.62550190478065,288.7650571434195,28207774.28,25.64,2.598,12,628,2473.7,B
SKU003,8078.23,4.535714285714286,5.286701157186339,158.60103471559017,34041661.22,36.024,2.231,10,45,5250.85,B
SKU004,6861.57,4.714285714285714,4.6543825035336805,139.6314751060104,23192106.599999998,37.29,1.902,8,41,4460.02,B
SKU005,9493.22,14.714285714285714,16.617727508931768,498.5318252679531,115779311.11999999,19.318,3.615,8,283,6170.59,A
SKU006,8106.04,5.892857142857143,6.716419609916501,201.49258829749505,38795507.44,33.441,2.211,13,616,5268.93,B
SKU007,5114.09,22.142857142857142,23.967785371068235,719.033561132047,92713337.61,19.333,4.962,4,703,3324.16,A
SKU008,9842.64,14.535714285714286,16.081585061147617,482.44755183442857,117560492.16,21.951,3.806,11,171,6397.72,A
SKU009,2336.89,10.75,10.781338069293872,323.44014207881617,18297848.7,26.854,3.214,5,815,1518.98,C
SKU010,663.46,15.714285714285714,16.485765588004675,494.5729676401403,8267375.0600000005,24.528,4.243,4,822,431.25,C
SKU011,1444.56,2.5,2.7708993864064686,83.12698159219406,2818336.56,52.463,1.706,9,8,938.96,C
SKU012,8779.37,23.071428571428573,25.462514371274644,763.8754311382393,167396247.79,19.436,5.075,14,246,5706.59,A
SKU013,5757.78,12.571428571428571,13.414357250665363,402.43071751996087,59241798.42,25.494,3.551,11,583,3742.56,A
SKU014,2270.75,17.964285714285715,19.797015072467413,593.9104521740225,35841518.0,20.56,4.327,12,71,1475.99,B
SKU015,6212.12,3.5357142857142856,3.936777503104352,118.10332509313056,18599087.28,47.59,1.898,11,259,4037.88,C
SKU016,2166.82,12.214285714285714,13.696228808714812,410.8868642614444,21978055.26,21.648,3.424,12,588,1408.43,C
SKU017,8477.32,13.25,13.5386194644024,406.158583932072,87943717.68,21.579,3.361,9,621,5510.26,A
SKU018,5575.41,22.428571428571427,24.125089940497848,723.7526982149354,102866314.5,16.756,4.466,4,545,3624.02,A
SKU019,4819.85,14.535714285714286,16.392731739372145,491.7819521811644,56888689.55,20.715,3.62,13,96,3132.9,A
SKU020,3897.54,12.285714285714286,13.381144441325029,401.43433323975086,39513260.519999996,20.954,3.405,8,482,2533.4,B
SKU021,7711.28,7.357142857142857,8.55540482142876,256.6621446428628,48102964.64,32.828,2.802,9,507,5012.33,A
SKU022,4597.03,9.571428571428571,10.773939808782067,323.218194263462,34114559.63,29.754,3.304,7,861,2988.07,B
SKU023,1416.74,14.035714285714286,14.763554770343017,442.90664311029053,15343294.2,22.718,3.682,5,43,920.88,C
SKU024,1768.87,11.035714285714286,12.164853443100867,364.945603293026,16901552.85,23.446,3.355,14,331,1149.77,C
SKU025,11558.01,2.2857142857142856,2.768035726867425,83.04107180602276,22838627.76,50.83,1.288,12,31,7512.71,B
SKU026,10939.54,20.142857142857142,21.495148954985723,644.8544686495717,180885293.9,19.21,4.603,10,260,7110.7,A
SKU027,8516.6,23.035714285714285,25.18336341984159,755.5009025952477,150888602.2,17.483,4.773,7,239,5535.79,A
SKU028,3484.09,4.0,5.017308173984552,150.51924521953657,14288253.09,39.397,2.185,12,340,2264.66,C
SKU029,11642.45,14.821428571428571,15.977526384076437,479.3257915222931,134237448.5,21.607,3.674,9,369,7567.59,A
SKU030,9433.51,4.25,4.724358369668362,141.73075109005086,32951250.43,35.283,1.796,8,258,6131.78,B
SKU031,8715.93,15.678571428571429,19.18811290442388,575.6433871327164,119591275.53,19.344,4.011,8,703,5665.35,A
SKU032,5612.59,8.428571428571429,9.172625969667818,275.17877909003454,38283476.39,23.468,2.45,5,561,3648.18,B
SKU033,3558.0,15.25,17.233601148293467,517.008034448804,47050992.0,21.602,4.312,4,293,2312.7,A
SKU034,1518.14,17.571428571428573,18.977276084749747,569.3182825424924,22363720.34,18.79,3.936,9,55,986.79,B
SKU035,10870.19,18.75,20.572842461373636,617.1852738412091,169161896.78,19.537,4.443,13,241,7065.62,A
SKU036,5687.0,4.392857142857143,4.7166412444507335,141.49923733352202,19949996.0,37.04,1.945,3,416,3696.55,C
SKU037,2747.42,20.75,22.750914045021297,682.5274213506389,49879410.1,16.341,4.19,13,996,1785.82,A
SKU038,3949.1,7.464285714285714,7.7381877854033405,232.14563356210022,22276873.1,27.469,2.544,12,522,2566.92,B
SKU039,7118.95,2.4285714285714284,3.0222374791038487,90.66712437311546,16373585.0,48.811,1.635,6,243,4627.32,C
SKU040,2450.56,13.0,14.143952594492507,424.3185778347752,27931482.88,25.717,4.009,10,674,1592.86,B
SKU041,10336.73,9.857142857142858,11.071972083958803,332.1591625187641,84275359.69,28.029,3.429,4,213,6718.87,A
SKU042,9198.83,21.214285714285715,22.34100807933511,670.2302423800534,152847759.28,16.651,4.215,12,560,5979.24,A
SKU043,8745.77,19.428571428571427,22.535842627836477,676.0752788350943,142346152.52,19.221,4.42,11,207,5684.75,A
SKU044,5412.28,7.964285714285714,9.743512369949887,292.3053710984966,38670740.6,27.217,2.674,7,57,3517.98,B
SKU045,7676.78,21.071428571428573,24.98857932540069,749.6573797620207,142880229.35999998,19.553,4.554,3,334,4989.91,A
SKU046,7175.54,8.357142857142858,9.066318349966926,271.98955049900775,48513825.94,29.958,2.859,14,75,4664.1,A
SKU047,7938.22,13.892857142857142,13.91648053522848,417.4944160568544,86193192.76,22.567,3.798,8,305,5159.84,A
SKU048,1379.55,7.25,8.23610682779512,247.0832048338536,8518721.25,29.529,2.82,13,675,896.71,C
SKU049,5223.37,22.392857142857142,25.059974357478538,751.7992307243561,95968977.01,17.972,4.756,11,157,3395.19,A
SKU050,882.72,5.892857142857143,6.482350620130066,194.47051860390198,4004900.64,34.034,2.33,12,15,573.77,C
