origin,sku,week,actual,forecast,baseline,moving_average,week_start,week_end,days
2025-07-17,SKU001,1,117,102.18526419251796,107.0,114.5,2025-07-17,2025-07-23,7
2025-07-17,SKU001,2,121,101.69845333232209,107.0,114.5,2025-07-24,2025-07-30,7
2025-07-17,SKU001,3,83,96.95448201366699,107.0,114.5,2025-07-31,2025-08-06,7
2025-07-17,SKU001,4,88,93.0210605018067,107.0,114.5,2025-08-07,2025-08-13,7
2025-07-17,SKU001,5,76,92.92425166501853,107.0,114.5,2025-08-14,2025-08-20,7
2025-07-17,SKU001,6,104,91.4063761974181,107.0,114.5,2025-08-21,2025-08-27,7
2025-07-17,SKU001,7,86,90.4057915794489,107.0,114.5,2025-08-28,2025-09-03,7
2025-07-17,SKU001,8,94,88.31314367309324,107.0,114.5,2025-09-04,2025-09-10,7
2025-07-17,SKU002,1,67,64.37287122369672,77.0,70.75,2025-07-17,2025-07-23,7
2025-07-17,SKU002,2,81,63.383802731182676,77.0,70.75,2025-07-24,2025-07-30,7
2025-07-17,SKU002,3,76,63.310282063239285,77.0,70.75,2025-07-31,2025-08-06,7
2025-07-17,SKU002,4,59,61.9172003142371,77.0,70.75,2025-08-07,2025-08-13,7
2025-07-17,SKU002,5,70,62.21401773927066,77.0,70.75,2025-08-14,2025-08-20,7
2025-07-17,SKU002,6,74,62.14594287871101,77.0,70.75,2025-08-21,2025-08-27,7
2025-07-17,SKU002,7,65,62.06930497718788,77.0,70.75,2025-08-28,2025-09-03,7
2025-07-17,SKU002,8,65,60.6395125654028,77.0,70.75,2025-09-04,2025-09-10,7
2025-07-17,SKU003,1,32,43.05145584454135,42.0,46.0,2025-07-17,2025-07-23,7
2025-07-17,SKU003,2,36,41.98806839660592,42.0,46.0,2025-07-24,2025-07-30,7
2025-07-17,SKU003,3,28,41.60202341345499,42.0,46.0,2025-07-31,2025-08-06,7
2025-07-17,SKU003,4,41,39.996363591689814,42.0,46.0,2025-08-07,2025-08-13,7
2025-07-17,SKU003,5,42,39.8653122800772,42.0,46.0,2025-08-14,2025-08-20,7
2025-07-17,SKU003,6,24,39.19799448592148,42.0,46.0,2025-08-21,2025-08-27,7
2025-07-17,SKU003,7,34,37.60310254193764,42.0,46.0,2025-08-28,2025-09-03,7
2025-07-17,SKU003,8,30,34.55661959780607,42.0,46.0,2025-09-04,2025-09-10,7
2025-07-17,SKU004,1,32,30.80283121379081,28.0,32.5,2025-07-17,2025-07-23,7
2025-07-17,SKU004,2,34,30.764928752901362,28.0,32.5,2025-07-24,2025-07-30,7
2025-07-17,SKU004,3,30,30.311444126734486,28.0,32.5,2025-07-31,2025-08-06,7
2025-07-17,SKU004,4,25,30.06284035177933,28.0,32.5,2025-08-07,2025-08-13,7
2025-07-17,SKU004,5,21,30.0081637002634,28.0,32.5,2025-08-14,2025-08-20,7
2025-07-17,SKU004,6,26,29.91032385729672,28.0,32.5,2025-08-21,2025-08-27,7
2025-07-17,SKU004,7,32,30.076975793458526,28.0,32.5,2025-08-28,2025-09-03,7
2025-07-17,SKU004,8,38,29.03556894118888,28.0,32.5,2025-09-04,2025-09-10,7
2025-07-17,SKU005,1,122,107.77170248150082,107.0,114.99999999999999,2025-07-17,2025-07-23,7
2025-07-17,SKU005,2,107,106.91798648540812,107.0,114.99999999999999,2025-07-24,2025-07-30,7
2025-07-17,SKU005,3,117,104.45233201134347,107.0,114.99999999999999,2025-07-31,2025-08-06,7
2025-07-17,SKU005,4,106,104.58284154833564,107.0,114.99999999999999,2025-08-07,2025-08-13,7
2025-07-17,SKU005,5,97,104.6735075151612,107.0,114.99999999999999,2025-08-14,2025-08-20,7
2025-07-17,SKU005,6,98,103.70859960936939,107.0,114.99999999999999,2025-08-21,2025-08-27,7
2025-07-17,SKU005,7,100,101.65359492094908,107.0,114.99999999999999,2025-08-28,2025-09-03,7
2025-07-17,SKU005,8,86,96.56828976492855,107.0,114.99999999999999,2025-09-04,2025-09-10,7
2025-07-17,SKU006,1,42,42.047893065206424,35.0,43.0,2025-07-17,2025-07-23,7
2025-07-17,SKU006,2,48,41.676587382922584,35.0,43.0,2025-07-24,2025-07-30,7
2025-07-17,SKU006,3,43,38.32679149477116,35.0,43.0,2025-07-31,2025-08-06,7
2025-07-17,SKU006,4,47,40.15810611195727,35.0,43.0,2025-08-07,2025-08-13,7
2025-07-17,SKU006,5,41,40.43160646541779,35.0,43.0,2025-08-14,2025-08-20,7
2025-07-17,SKU006,6,34,39.34808268654677,35.0,43.0,2025-08-21,2025-08-27,7
2025-07-17,SKU006,7,35,38.942178370808804,35.0,43.0,2025-08-28,2025-09-03,7
2025-07-17,SKU006,8,49,37.367014092999376,35.0,43.0,2025-09-04,2025-09-10,7
2025-07-17,SKU007,1,166,176.76069220060634,182.0,188.5,2025-07-17,2025-07-23,7
2025-07-17,SKU007,2,174,174.1543885145055,182.0,188.5,2025-07-24,2025-07-30,7
2025-07-17,SKU007,3,174,168.36695688668706,182.0,188.5,2025-07-31,2025-08-06,7
2025-07-17,SKU007,4,142,162.2260101722144,182.0,188.5,2025-08-07,2025-08-13,7
2025-07-17,SKU007,5,161,160.8153701948802,182.0,188.5,2025-08-14,2025-08-20,7
2025-07-17,SKU007,6,144,159.6207329381614,182.0,188.5,2025-08-21,2025-08-27,7
2025-07-17,SKU007,7,166,156.96632693286162,182.0,188.5,2025-08-28,2025-09-03,7
2025-07-17,SKU007,8,148,153.9424283323758,182.0,188.5,2025-09-04,2025-09-10,7
2025-07-17,SKU008,1,103,109.19787970259091,108.0,113.75,2025-07-17,2025-07-23,7
2025-07-17,SKU008,2,124,110.29388211879322,108.0,113.75,2025-07-24,2025-07-30,7
2025-07-17,SKU008,3,98,103.97787270446246,108.0,113.75,2025-07-31,2025-08-06,7
2025-07-17,SKU008,4,122,104.15452617640645,108.0,113.75,2025-08-07,2025-08-13,7
2025-07-17,SKU008,5,106,104.3935574139842,108.0,113.75,2025-08-14,2025-08-20,7
2025-07-17,SKU008,6,88,102.70613316839874,108.0,113.75,2025-08-21,2025-08-27,7
2025-07-17,SKU008,7,94,100.41961957654141,108.0,113.75,2025-08-28,2025-09-03,7
2025-07-17,SKU008,8,87,95.48607494724175,108.0,113.75,2025-09-04,2025-09-10,7
2025-07-17,SKU009,1,77,75.26910602308575,69.0,81.25,2025-07-17,2025-07-23,7
2025-07-17,SKU009,2,61,74.36510182191832,69.0,81.25,2025-07-24,2025-07-30,7
2025-07-17,SKU009,3,72,70.0993729183803,69.0,81.25,2025-07-31,2025-08-06,7
2025-07-17,SKU009,4,62,68.95471069417925,69.0,81.25,2025-08-07,2025-08-13,7
2025-07-17,SKU009,5,64,68.68881471259972,69.0,81.25,2025-08-14,2025-08-20,7
2025-07-17,SKU009,6,67,67.21298789314793,69.0,81.25,2025-08-21,2025-08-27,7
2025-07-17,SKU009,7,55,66.5178975237247,69.0,81.25,2025-08-28,2025-09-03,7
2025-07-17,SKU009,8,78,64.34079680325625,69.0,81.25,2025-09-04,2025-09-10,7
2025-07-17,SKU010,1,111,116.12797530095548,126.0,124.0,2025-07-17,2025-07-23,7
2025-07-17,SKU010,2,104,111.6519901393462,126.0,124.0,2025-07-24,2025-07-30,7
2025-07-17,SKU010,3,80,104.87618105678487,126.0,124.0,2025-07-31,2025-08-06,7
2025-07-17,SKU010,4,110,104.66820885292562,126.0,124.0,2025-08-07,2025-08-13,7
2025-07-17,SKU010,5,103,103.13994032166343,126.0,124.0,2025-08-14,2025-08-20,7
2025-07-17,SKU010,6,116,102.04038886920017,126.0,124.0,2025-08-21,2025-08-27,7
2025-07-17,SKU010,7,102,100.23350210693125,126.0,124.0,2025-08-28,2025-09-03,7
2025-07-17,SKU010,8,99,95.32527778137674,126.0,124.0,2025-09-04,2025-09-10,7
2025-07-17,SKU011,1,9,18.271090018616412,26.0,21.25,2025-07-17,2025-07-23,7
2025-07-17,SKU011,2,19,18.14378799838317,26.0,21.25,2025-07-24,2025-07-30,7
2025-07-17,SKU011,3,15,17.659209453830787,26.0,21.25,2025-07-31,2025-08-06,7
2025-07-17,SKU011,4,22,17.60119121604707,26.0,21.25,2025-08-07,2025-08-13,7
2025-07-17,SKU011,5,15,17.65613241817573,26.0,21.25,2025-08-14,2025-08-20,7
2025-07-17,SKU011,6,21,17.644415251392914,26.0,21.25,2025-08-21,2025-08-27,7
2025-07-17,SKU011,7,13,17.55692717049093,26.0,21.25,2025-08-28,2025-09-03,7
2025-07-17,SKU011,8,11,16.222368999006704,26.0,21.25,2025-09-04,2025-09-10,7
2025-07-17,SKU012,1,177,177.6889562091626,170.0,178.25,2025-07-17,2025-07-23,7
2025-07-17,SKU012,2,155,177.10434063603148,170.0,178.25,2025-07-24,2025-07-30,7
2025-07-17,SKU012,3,163,171.5724091689925,170.0,178.25,2025-07-31,2025-08-06,7
2025-07-17,SKU012,4,160,167.77204473009158,170.0,178.25,2025-08-07,2025-08-13,7
2025-07-17,SKU012,5,187,168.06442729380092,170.0,178.25,2025-08-14,2025-08-20,7
2025-07-17,SKU012,6,174,165.8771728418311,170.0,178.25,2025-08-21,2025-08-27,7
2025-07-17,SKU012,7,154,162.11707883620082,170.0,178.25,2025-08-28,2025-09-03,7
2025-07-17,SKU012,8,173,156.3854935559948,170.0,178.25,2025-09-04,2025-09-10,7
2025-07-17,SKU013,1,84,102.43879158509368,111.0,112.25,2025-07-17,2025-07-23,7
2025-07-17,SKU013,2,82,101.8192446552491,111.0,112.25,2025-07-24,2025-07-30,7
2025-07-17,SKU013,3,81,97.24936774209361,111.0,112.25,2025-07-31,2025-08-06,7
2025-07-17,SKU013,4,95,93.92094690564576,111.0,112.25,2025-08-07,2025-08-13,7
2025-07-17,SKU013,5,103,92.16642110773192,111.0,112.25,2025-08-14,2025-08-20,7
2025-07-17,SKU013,6,88,91.37274875128561,111.0,112.25,2025-08-21,2025-08-27,7
2025-07-17,SKU013,7,98,89.68167437653476,111.0,112.25,2025-08-28,2025-09-03,7
2025-07-17,SKU013,8,96,86.58391539557768,111.0,112.25,2025-09-04,2025-09-10,7
2025-07-17,SKU014,1,144,135.09102234204374,135.0,149.25,2025-07-17,2025-07-23,7
2025-07-17,SKU014,2,147,134.42225711231612,135.0,149.25,2025-07-24,2025-07-30,7
2025-07-17,SKU014,3,130,132.9100208187748,135.0,149.25,2025-07-31,2025-08-06,7
2025-07-17,SKU014,4,119,134.6747528606428,135.0,149.25,2025-08-07,2025-08-13,7
2025-07-17,SKU014,5,128,132.71263155400524,135.0,149.25,2025-08-14,2025-08-20,7
2025-07-17,SKU014,6,142,133.38955389970886,135.0,149.25,2025-08-21,2025-08-27,7
2025-07-17,SKU014,7,135,133.74598171526634,135.0,149.25,2025-08-28,2025-09-03,7
2025-07-17,SKU014,8,151,132.0753355741562,135.0,149.25,2025-09-04,2025-09-10,7
2025-07-17,SKU015,1,26,25.02561085974161,26.0,25.5,2025-07-17,2025-07-23,7
2025-07-17,SKU015,2,33,24.725530930915244,26.0,25.5,2025-07-24,2025-07-30,7
2025-07-17,SKU015,3,17,24.420119458728976,26.0,25.5,2025-07-31,2025-08-06,7
2025-07-17,SKU015,4,25,24.34779001181096,26.0,25.5,2025-08-07,2025-08-13,7
2025-07-17,SKU015,5,27,24.50620537029994,26.0,25.5,2025-08-14,2025-08-20,7
2025-07-17,SKU015,6,25,24.459716389624678,26.0,25.5,2025-08-21,2025-08-27,7
2025-07-17,SKU015,7,25,24.49140903808938,26.0,25.5,2025-08-28,2025-09-03,7
2025-07-17,SKU015,8,29,23.426796764544417,26.0,25.5,2025-09-04,2025-09-10,7
2025-07-17,SKU016,1,98,100.83788594915171,104.0,108.5,2025-07-17,2025-07-23,7
2025-07-17,SKU016,2,98,99.79793401887189,104.0,108.5,2025-07-24,2025-07-30,7
2025-07-17,SKU016,3,84,94.49627294257422,104.0,108.5,2025-07-31,2025-08-06,7
2025-07-17,SKU016,4,87,92.02595222213571,104.0,108.5,2025-08-07,2025-08-13,7
2025-07-17,SKU016,5,96,92.42862948803196,104.0,108.5,2025-08-14,2025-08-20,7
2025-07-17,SKU016,6,74,90.13417716851612,104.0,108.5,2025-08-21,2025-08-27,7
2025-07-17,SKU016,7,79,88.86456095442134,104.0,108.5,2025-08-28,2025-09-03,7
2025-07-17,SKU016,8,77,86.65911803990119,104.0,108.5,2025-09-04,2025-09-10,7
2025-07-17,SKU017,1,78,104.00212748970115,95.0,113.5,2025-07-17,2025-07-23,7
2025-07-17,SKU017,2,86,102.02198215695688,95.0,113.5,2025-07-24,2025-07-30,7
2025-07-17,SKU017,3,80,98.13150971185445,95.0,113.5,2025-07-31,2025-08-06,7
2025-07-17,SKU017,4,80,94.11740593681897,95.0,113.5,2025-08-07,2025-08-13,7
2025-07-17,SKU017,5,94,93.37564317778785,95.0,113.5,2025-08-14,2025-08-20,7
2025-07-17,SKU017,6,72,93.33001719034786,95.0,113.5,2025-08-21,2025-08-27,7
2025-07-17,SKU017,7,73,90.87774032959396,95.0,113.5,2025-08-28,2025-09-03,7
2025-07-17,SKU017,8,70,87.02589542263618,95.0,113.5,2025-09-04,2025-09-10,7
2025-07-17,SKU018,1,159,170.47400421568912,155.0,175.5,2025-07-17,2025-07-23,7
2025-07-17,SKU018,2,177,170.65087619063644,155.0,175.5,2025-07-24,2025-07-30,7
2025-07-17,SKU018,3,158,165.62061377508138,155.0,175.5,2025-07-31,2025-08-06,7
2025-07-17,SKU018,4,151,161.8997913577876,155.0,175.5,2025-08-07,2025-08-13,7
2025-07-17,SKU018,5,139,161.16688016572297,155.0,175.5,2025-08-14,2025-08-20,7
2025-07-17,SKU018,6,158,159.8121353219439,155.0,175.5,2025-08-21,2025-08-27,7
2025-07-17,SKU018,7,158,156.80514304383297,155.0,175.5,2025-08-28,2025-09-03,7
2025-07-17,SKU018,8,142,153.92369260927998,155.0,175.5,2025-09-04,2025-09-10,7
2025-07-17,SKU019,1,105,104.84104091391966,106.0,114.25000000000001,2025-07-17,2025-07-23,7
2025-07-17,SKU019,2,110,102.82139474195039,106.0,114.25000000000001,2025-07-24,2025-07-30,7
2025-07-17,SKU019,3,102,101.20731870625094,106.0,114.25000000000001,2025-07-31,2025-08-06,7
2025-07-17,SKU019,4,113,99.69870226613948,106.0,114.25000000000001,2025-08-07,2025-08-13,7
2025-07-17,SKU019,5,91,98.80973418709814,106.0,114.25000000000001,2025-08-14,2025-08-20,7
2025-07-17,SKU019,6,123,96.9417794315649,106.0,114.25000000000001,2025-08-21,2025-08-27,7
2025-07-17,SKU019,7,80,95.82560982643655,106.0,114.25000000000001,2025-08-28,2025-09-03,7
2025-07-17,SKU019,8,92,93.27317697636403,106.0,114.25000000000001,2025-09-04,2025-09-10,7
2025-07-17,SKU020,1,99,94.9719364035031,89.0,102.75,2025-07-17,2025-07-23,7
2025-07-17,SKU020,2,83,96.14594584051963,89.0,102.75,2025-07-24,2025-07-30,7
2025-07-17,SKU020,3,70,92.57984336429614,89.0,102.75,2025-07-31,2025-08-06,7
2025-07-17,SKU020,4,106,89.1259532569949,89.0,102.75,2025-08-07,2025-08-13,7
2025-07-17,SKU020,5,84,89.24177846960613,89.0,102.75,2025-08-14,2025-08-20,7
2025-07-17,SKU020,6,89,88.74478865677685,89.0,102.75,2025-08-21,2025-08-27,7
2025-07-17,SKU020,7,85,86.63396265589708,89.0,102.75,2025-08-28,2025-09-03,7
2025-07-17,SKU020,8,94,83.10063361984953,89.0,102.75,2025-09-04,2025-09-10,7
2025-07-17,SKU021,1,56,60.958351968285584,75.0,67.25,2025-07-17,2025-07-23,7
2025-07-17,SKU021,2,60,60.91760742024205,75.0,67.25,2025-07-24,2025-07-30,7
2025-07-17,SKU021,3,59,59.83104238343883,75.0,67.25,2025-07-31,2025-08-06,7
2025-07-17,SKU021,4,50,59.25501718221409,75.0,67.25,2025-08-07,2025-08-13,7
2025-07-17,SKU021,5,55,58.142482034191914,75.0,67.25,2025-08-14,2025-08-20,7
2025-07-17,SKU021,6,57,56.38044752603784,75.0,67.25,2025-08-21,2025-08-27,7
2025-07-17,SKU021,7,42,54.930113685052696,75.0,67.25,2025-08-28,2025-09-03,7
2025-07-17,SKU021,8,53,52.3201249257614,75.0,67.25,2025-09-04,2025-09-10,7
2025-07-17,SKU022,1,62,68.91485063239355,69.0,74.25,2025-07-17,2025-07-23,7
2025-07-17,SKU022,2,66,68.04907735745117,69.0,74.25,2025-07-24,2025-07-30,7
2025-07-17,SKU022,3,71,65.73273556288821,69.0,74.25,2025-07-31,2025-08-06,7
2025-07-17,SKU022,4,64,65.25961997159425,69.0,74.25,2025-08-07,2025-08-13,7
2025-07-17,SKU022,5,68,63.69512805039914,69.0,74.25,2025-08-14,2025-08-20,7
2025-07-17,SKU022,6,63,62.70810200576177,69.0,74.25,2025-08-21,2025-08-27,7
2025-07-17,SKU022,7,53,62.598056684156106,69.0,74.25,2025-08-28,2025-09-03,7
2025-07-17,SKU022,8,61,59.96974567083228,69.0,74.25,2025-09-04,2025-09-10,7
2025-07-17,SKU023,1,91,102.81299705819332,102.0,112.75,2025-07-17,2025-07-23,7
2025-07-17,SKU023,2,109,101.83332536128526,102.0,112.75,2025-07-24,2025-07-30,7
2025-07-17,SKU023,3,104,93.15331412334614,102.0,112.75,2025-07-31,2025-08-06,7
2025-07-17,SKU023,4,107,93.30295237192587,102.0,112.75,2025-08-07,2025-08-13,7
2025-07-17,SKU023,5,98,94.00765385181896,102.0,112.75,2025-08-14,2025-08-20,7
2025-07-17,SKU023,6,90,92.30062229058105,102.0,112.75,2025-08-21,2025-08-27,7
2025-07-17,SKU023,7,76,90.82975454609371,102.0,112.75,2025-08-28,2025-09-03,7
2025-07-17,SKU023,8,72,87.87209768618638,102.0,112.75,2025-09-04,2025-09-10,7
2025-07-17,SKU024,1,72,87.33442425262314,83.0,93.0,2025-07-17,2025-07-23,7
2025-07-17,SKU024,2,90,85.0100915948619,83.0,93.0,2025-07-24,2025-07-30,7
2025-07-17,SKU024,3,91,84.14710736071676,83.0,93.0,2025-07-31,2025-08-06,7
2025-07-17,SKU024,4,73,84.06460718830496,83.0,93.0,2025-08-07,2025-08-13,7
2025-07-17,SKU024,5,86,84.49664092487518,83.0,93.0,2025-08-14,2025-08-20,7
2025-07-17,SKU024,6,83,84.25700085987097,83.0,93.0,2025-08-21,2025-08-27,7
2025-07-17,SKU024,7,89,83.68564645007044,83.0,93.0,2025-08-28,2025-09-03,7
2025-07-17,SKU024,8,95,80.22894133265017,83.0,93.0,2025-09-04,2025-09-10,7
2025-07-17,SKU025,1,22,18.52078605351169,21.0,19.75,2025-07-17,2025-07-23,7
2025-07-17,SKU025,2,21,19.02179081949444,21.0,19.75,2025-07-24,2025-07-30,7
2025-07-17,SKU025,3,16,18.38325907195834,21.0,19.75,2025-07-31,2025-08-06,7
2025-07-17,SKU025,4,19,18.21554690164301,21.0,19.75,2025-08-07,2025-08-13,7
2025-07-17,SKU025,5,18,18.30000902048184,21.0,19.75,2025-08-14,2025-08-20,7
2025-07-17,SKU025,6,20,18.279281449722284,21.0,19.75,2025-08-21,2025-08-27,7
2025-07-17,SKU025,7,19,18.214652908033916,21.0,19.75,2025-08-28,2025-09-03,7
2025-07-17,SKU025,8,12,16.89128857099292,21.0,19.75,2025-09-04,2025-09-10,7
2025-07-17,SKU026,1,162,151.81856018722465,154.0,158.5,2025-07-17,2025-07-23,7
2025-07-17,SKU026,2,172,150.1940634740028,154.0,158.5,2025-07-24,2025-07-30,7
2025-07-17,SKU026,3,148,144.63373953243007,154.0,158.5,2025-07-31,2025-08-06,7
2025-07-17,SKU026,4,144,144.64052780947927,154.0,158.5,2025-08-07,2025-08-13,7
2025-07-17,SKU026,5,128,144.9175309728546,154.0,158.5,2025-08-14,2025-08-20,7
2025-07-17,SKU026,6,121,140.38345582568377,154.0,158.5,2025-08-21,2025-08-27,7
2025-07-17,SKU026,7,140,139.67971934450432,154.0,158.5,2025-08-28,2025-09-03,7
2025-07-17,SKU026,8,138,134.25036930784046,154.0,158.5,2025-09-04,2025-09-10,7
2025-07-17,SKU027,1,156,168.72302840425303,170.0,182.0,2025-07-17,2025-07-23,7
2025-07-17,SKU027,2,158,172.72753158168294,170.0,182.0,2025-07-24,2025-07-30,7
2025-07-17,SKU027,3,143,167.27401779115672,170.0,182.0,2025-07-31,2025-08-06,7
2025-07-17,SKU027,4,125,162.3474201622233,170.0,182.0,2025-08-07,2025-08-13,7
2025-07-17,SKU027,5,152,160.9590905580983,170.0,182.0,2025-08-14,2025-08-20,7
2025-07-17,SKU027,6,141,161.74946092202416,170.0,182.0,2025-08-21,2025-08-27,7
2025-07-17,SKU027,7,130,159.4686288732357,170.0,182.0,2025-08-28,2025-09-03,7
2025-07-17,SKU027,8,168,152.23002408008216,170.0,182.0,2025-09-04,2025-09-10,7
2025-07-17,SKU028,1,31,40.44689862269812,46.0,41.5,2025-07-17,2025-07-23,7
2025-07-17,SKU028,2,39,39.911280626699686,46.0,41.5,2025-07-24,2025-07-30,7
2025-07-17,SKU028,3,35,39.42004397411139,46.0,41.5,2025-07-31,2025-08-06,7
2025-07-17,SKU028,4,40,38.84061970179791,46.0,41.5,2025-08-07,2025-08-13,7
2025-07-17,SKU028,5,35,37.294487773755215,46.0,41.5,2025-08-14,2025-08-20,7
2025-07-17,SKU028,6,29,35.04789196403361,46.0,41.5,2025-08-21,2025-08-27,7
2025-07-17,SKU028,7,42,34.967879719120795,46.0,41.5,2025-08-28,2025-09-03,7
2025-07-17,SKU028,8,35,33.465156816661825,46.0,41.5,2025-09-04,2025-09-10,7
2025-07-17,SKU029,1,112,104.303893708023,117.0,113.24999999999999,2025-07-17,2025-07-23,7
2025-07-17,SKU029,2,124,105.63555313272091,117.0,113.24999999999999,2025-07-24,2025-07-30,7
2025-07-17,SKU029,3,80,105.03366557867496,117.0,113.24999999999999,2025-07-31,2025-08-06,7
2025-07-17,SKU029,4,107,103.47004349103852,117.0,113.24999999999999,2025-08-07,2025-08-13,7
2025-07-17,SKU029,5,114,101.91603346157079,117.0,113.24999999999999,2025-08-14,2025-08-20,7
2025-07-17,SKU029,6,106,102.27380550559161,117.0,113.24999999999999,2025-08-21,2025-08-27,7
2025-07-17,SKU029,7,99,101.81691313440663,117.0,113.24999999999999,2025-08-28,2025-09-03,7
2025-07-17,SKU029,8,90,95.85033286853184,117.0,113.24999999999999,2025-09-04,2025-09-10,7
2025-07-17,SKU030,1,34,32.66846309267369,28.0,34.25,2025-07-17,2025-07-23,7
2025-07-17,SKU030,2,34,31.891735484084716,28.0,34.25,2025-07-24,2025-07-30,7
2025-07-17,SKU030,3,28,30.995865503916416,28.0,34.25,2025-07-31,2025-08-06,7
2025-07-17,SKU030,4,32,30.774426785289887,28.0,34.25,2025-08-07,2025-08-13,7
2025-07-17,SKU030,5,26,30.82685137182306,28.0,34.25,2025-08-14,2025-08-20,7
2025-07-17,SKU030,6,36,30.691977386737154,28.0,34.25,2025-08-21,2025-08-27,7
2025-07-17,SKU030,7,27,30.576039062280472,28.0,34.25,2025-08-28,2025-09-03,7
2025-07-17,SKU030,8,35,28.906228562324316,28.0,34.25,2025-09-04,2025-09-10,7
2025-07-17,SKU031,1,138,124.24152797476877,121.0,130.0,2025-07-17,2025-07-23,7
2025-07-17,SKU031,2,117,125.21428130725397,121.0,130.0,2025-07-24,2025-07-30,7
2025-07-17,SKU031,3,120,122.98899740574727,121.0,130.0,2025-07-31,2025-08-06,7
2025-07-17,SKU031,4,128,124.47182868769592,121.0,130.0,2025-08-07,2025-08-13,7
2025-07-17,SKU031,5,136,124.13286027715883,121.0,130.0,2025-08-14,2025-08-20,7
2025-07-17,SKU031,6,114,124.45335112748165,121.0,130.0,2025-08-21,2025-08-27,7
2025-07-17,SKU031,7,112,124.4482139376137,121.0,130.0,2025-08-28,2025-09-03,7
2025-07-17,SKU031,8,123,123.05800478424935,121.0,130.0,2025-09-04,2025-09-10,7
2025-07-17,SKU032,1,53,60.76183210320384,62.0,62.74999999999999,2025-07-17,2025-07-23,7
2025-07-17,SKU032,2,68,61.32999978368458,62.0,62.74999999999999,2025-07-24,2025-07-30,7
2025-07-17,SKU032,3,60,59.64694460334006,62.0,62.74999999999999,2025-07-31,2025-08-06,7
2025-07-17,SKU032,4,56,58.966625698897374,62.0,62.74999999999999,2025-08-07,2025-08-13,7
2025-07-17,SKU032,5,62,58.6983625542109,62.0,62.74999999999999,2025-08-14,2025-08-20,7
2025-07-17,SKU032,6,48,57.541107525153805,62.0,62.74999999999999,2025-08-21,2025-08-27,7
2025-07-17,SKU032,7,55,55.585124594697135,62.0,62.74999999999999,2025-08-28,2025-09-03,7
2025-07-17,SKU032,8,61,54.22026480685953,62.0,62.74999999999999,2025-09-04,2025-09-10,7
2025-07-17,SKU033,1,114,128.3131651798756,133.0,139.25,2025-07-17,2025-07-23,7
2025-07-17,SKU033,2,127,124.07681236633084,133.0,139.25,2025-07-24,2025-07-30,7
2025-07-17,SKU033,3,101,119.10983823019728,133.0,139.25,2025-07-31,2025-08-06,7
2025-07-17,SKU033,4,95,113.51798227329337,133.0,139.25,2025-08-07,2025-08-13,7
2025-07-17,SKU033,5,117,108.87873973196,133.0,139.25,2025-08-14,2025-08-20,7
2025-07-17,SKU033,6,113,105.10650025534909,133.0,139.25,2025-08-21,2025-08-27,7
2025-07-17,SKU033,7,105,104.8323612857804,133.0,139.25,2025-08-28,2025-09-03,7
2025-07-17,SKU033,8,108,102.45105990695453,133.0,139.25,2025-09-04,2025-09-10,7
2025-07-17,SKU034,1,133,129.42285646419438,139.0,147.0,2025-07-17,2025-07-23,7
2025-07-17,SKU034,2,153,130.79541779278824,139.0,147.0,2025-07-24,2025-07-30,7
2025-07-17,SKU034,3,111,121.73849654867355,139.0,147.0,2025-07-31,2025-08-06,7
2025-07-17,SKU034,4,126,126.54379286170581,139.0,147.0,2025-08-07,2025-08-13,7
2025-07-17,SKU034,5,118,120.53482071931654,139.0,147.0,2025-08-14,2025-08-20,7
2025-07-17,SKU034,6,118,119.21141519602342,139.0,147.0,2025-08-21,2025-08-27,7
2025-07-17,SKU034,7,137,118.06694487634327,139.0,147.0,2025-08-28,2025-09-03,7
2025-07-17,SKU034,8,143,113.17518356927552,139.0,147.0,2025-09-04,2025-09-10,7
2025-07-17,SKU035,1,123,145.3594778084345,138.0,153.25,2025-07-17,2025-07-23,7
2025-07-17,SKU035,2,155,142.07449798741243,138.0,153.25,2025-07-24,2025-07-30,7
2025-07-17,SKU035,3,132,136.12539008860074,138.0,153.25,2025-07-31,2025-08-06,7
2025-07-17,SKU035,4,138,134.56159606357537,138.0,153.25,2025-08-07,2025-08-13,7
2025-07-17,SKU035,5,134,132.56714942396192,138.0,153.25,2025-08-14,2025-08-20,7
2025-07-17,SKU035,6,135,132.4555019723189,138.0,153.25,2025-08-21,2025-08-27,7
2025-07-17,SKU035,7,121,131.64319973868234,138.0,153.25,2025-08-28,2025-09-03,7
2025-07-17,SKU035,8,146,127.40688775996517,138.0,153.25,2025-09-04,2025-09-10,7
2025-07-17,SKU036,1,31,34.30659956936763,34.0,36.75,2025-07-17,2025-07-23,7
2025-07-17,SKU036,2,26,34.022480854364815,34.0,36.75,2025-07-24,2025-07-30,7
2025-07-17,SKU036,3,30,32.63091597257819,34.0,36.75,2025-07-31,2025-08-06,7
2025-07-17,SKU036,4,25,31.976460230205713,34.0,36.75,2025-08-07,2025-08-13,7
2025-07-17,SKU036,5,22,31.721510024471602,34.0,36.75,2025-08-14,2025-08-20,7
2025-07-17,SKU036,6,35,30.47325634279558,34.0,36.75,2025-08-21,2025-08-27,7
2025-07-17,SKU036,7,36,30.04130086547174,34.0,36.75,2025-08-28,2025-09-03,7
2025-07-17,SKU036,8,30,28.629308008455478,34.0,36.75,2025-09-04,2025-09-10,7
2025-07-17,SKU037,1,166,181.42765993887343,214.0,198.75,2025-07-17,2025-07-23,7
2025-07-17,SKU037,2,141,188.73767182051938,214.0,198.75,2025-07-24,2025-07-30,7
2025-07-17,SKU037,3,163,178.34990417969948,214.0,198.75,2025-07-31,2025-08-06,7
2025-07-17,SKU037,4,143,171.94044979202823,214.0,198.75,2025-08-07,2025-08-13,7
2025-07-17,SKU037,5,160,164.7682996604119,214.0,198.75,2025-08-14,2025-08-20,7
2025-07-17,SKU037,6,174,157.63144494842757,214.0,198.75,2025-08-21,2025-08-27,7
2025-07-17,SKU037,7,153,153.2634138887643,214.0,198.75,2025-08-28,2025-09-03,7
2025-07-17,SKU037,8,133,150.19258575366086,214.0,198.75,2025-09-04,2025-09-10,7
2025-07-17,SKU038,1,50,58.165597213253626,61.0,63.25000000000001,2025-07-17,2025-07-23,7
2025-07-17,SKU038,2,52,56.52482972354246,61.0,63.25000000000001,2025-07-24,2025-07-30,7
2025-07-17,SKU038,3,42,52.523152758915714,61.0,63.25000000000001,2025-07-31,2025-08-06,7
2025-07-17,SKU038,4,48,50.3272242467428,61.0,63.25000000000001,2025-08-07,2025-08-13,7
2025-07-17,SKU038,5,51,50.514187133455344,61.0,63.25000000000001,2025-08-14,2025-08-20,7
2025-07-17,SKU038,6,48,50.27234407683861,61.0,63.25000000000001,2025-08-21,2025-08-27,7
2025-07-17,SKU038,7,50,49.67184355291378,61.0,63.25000000000001,2025-08-28,2025-09-03,7
2025-07-17,SKU038,8,45,46.269178541039125,61.0,63.25000000000001,2025-09-04,2025-09-10,7
2025-07-17,SKU039,1,23,23.726201693843795,24.0,25.5,2025-07-17,2025-07-23,7
2025-07-17,SKU039,2,30,20.84094961466913,24.0,25.5,2025-07-24,2025-07-30,7
2025-07-17,SKU039,3,20,19.94338740238648,24.0,25.5,2025-07-31,2025-08-06,7
2025-07-17,SKU039,4,23,19.173545631846817,24.0,25.5,2025-08-07,2025-08-13,7
2025-07-17,SKU039,5,21,19.091260553128176,24.0,25.5,2025-08-14,2025-08-20,7
2025-07-17,SKU039,6,14,19.04351475237339,24.0,25.5,2025-08-21,2025-08-27,7
2025-07-17,SKU039,7,16,18.987885145699572,24.0,25.5,2025-08-28,2025-09-03,7
2025-07-17,SKU039,8,14,17.619390965864255,24.0,25.5,2025-09-04,2025-09-10,7
2025-07-17,SKU040,1,84,111.55341081563206,121.0,120.0,2025-07-17,2025-07-23,7
2025-07-17,SKU040,2,102,107.27887040055606,121.0,120.0,2025-07-24,2025-07-30,7
2025-07-17,SKU040,3,102,104.05843596987818,121.0,120.0,2025-07-31,2025-08-06,7
2025-07-17,SKU040,4,86,102.98305836892183,121.0,120.0,2025-08-07,2025-08-13,7
2025-07-17,SKU040,5,102,101.00501382500008,121.0,120.0,2025-08-14,2025-08-20,7
2025-07-17,SKU040,6,105,98.50227999470853,121.0,120.0,2025-08-21,2025-08-27,7
2025-07-17,SKU040,7,103,95.7812164436503,121.0,120.0,2025-08-28,2025-09-03,7
2025-07-17,SKU040,8,101,92.79239627060444,121.0,120.0,2025-09-04,2025-09-10,7
2025-07-17,SKU041,1,78,75.24900320996935,85.0,79.0,2025-07-17,2025-07-23,7
2025-07-17,SKU041,2,77,75.46971017656863,85.0,79.0,2025-07-24,2025-07-30,7
2025-07-17,SKU041,3,63,74.34420341594654,85.0,79.0,2025-07-31,2025-08-06,7
2025-07-17,SKU041,4,74,73.59352828759882,85.0,79.0,2025-08-07,2025-08-13,7
2025-07-17,SKU041,5,89,70.9466289178502,85.0,79.0,2025-08-14,2025-08-20,7
2025-07-17,SKU041,6,55,70.92495431734119,85.0,79.0,2025-08-21,2025-08-27,7
2025-07-17,SKU041,7,73,70.43667393661362,85.0,79.0,2025-08-28,2025-09-03,7
2025-07-17,SKU041,8,70,68.14736135988763,85.0,79.0,2025-09-04,2025-09-10,7
2025-07-17,SKU042,1,169,155.52625274599598,154.0,173.25,2025-07-17,2025-07-23,7
2025-07-17,SKU042,2,155,158.6250111302418,154.0,173.25,2025-07-24,2025-07-30,7
2025-07-17,SKU042,3,151,149.4480055705425,154.0,173.25,2025-07-31,2025-08-06,7
2025-07-17,SKU042,4,141,140.28488110013106,154.0,173.25,2025-08-07,2025-08-13,7
2025-07-17,SKU042,5,138,142.74353648377078,154.0,173.25,2025-08-14,2025-08-20,7
2025-07-17,SKU042,6,173,138.89162630066852,154.0,173.25,2025-08-21,2025-08-27,7
2025-07-17,SKU042,7,151,137.15789190309053,154.0,173.25,2025-08-28,2025-09-03,7
2025-07-17,SKU042,8,143,134.92347187692832,154.0,173.25,2025-09-04,2025-09-10,7
2025-07-17,SKU043,1,135,157.61979459657377,166.0,172.75,2025-07-17,2025-07-23,7
2025-07-17,SKU043,2,144,159.47090959158373,166.0,172.75,2025-07-24,2025-07-30,7
2025-07-17,SKU043,3,140,151.2053768478499,166.0,172.75,2025-07-31,2025-08-06,7
2025-07-17,SKU043,4,174,143.9353678292323,166.0,172.75,2025-08-07,2025-08-13,7
2025-07-17,SKU043,5,118,141.14433547090036,166.0,172.75,2025-08-14,2025-08-20,7
2025-07-17,SKU043,6,136,139.58234669034573,166.0,172.75,2025-08-21,2025-08-27,7
2025-07-17,SKU043,7,135,137.59371268918838,166.0,172.75,2025-08-28,2025-09-03,7
2025-07-17,SKU043,8,126,134.83803787307122,166.0,172.75,2025-09-04,2025-09-10,7
2025-07-17,SKU044,1,61,67.04738754810421,75.0,70.25,2025-07-17,2025-07-23,7
2025-07-17,SKU044,2,70,69.00149275088177,75.0,70.25,2025-07-24,2025-07-30,7
2025-07-17,SKU044,3,68,67.03994163520426,75.0,70.25,2025-07-31,2025-08-06,7
2025-07-17,SKU044,4,56,65.00430386142939,75.0,70.25,2025-08-07,2025-08-13,7
2025-07-17,SKU044,5,69,63.61705785039026,75.0,70.25,2025-08-14,2025-08-20,7
2025-07-17,SKU044,6,60,62.17276497431106,75.0,70.25,2025-08-21,2025-08-27,7
2025-07-17,SKU044,7,57,61.78401386294034,75.0,70.25,2025-08-28,2025-09-03,7
2025-07-17,SKU044,8,60,58.87210872504618,75.0,70.25,2025-09-04,2025-09-10,7
2025-07-17,SKU045,1,185,169.88672649164556,171.0,174.0,2025-07-17,2025-07-23,7
2025-07-17,SKU045,2,153,175.75351505644886,171.0,174.0,2025-07-24,2025-07-30,7
2025-07-17,SKU045,3,158,174.34031904922782,171.0,174.0,2025-07-31,2025-08-06,7
2025-07-17,SKU045,4,148,171.30787574280563,171.0,174.0,2025-08-07,2025-08-13,7
2025-07-17,SKU045,5,171,170.4521145142945,171.0,174.0,2025-08-14,2025-08-20,7
2025-07-17,SKU045,6,138,168.6128367397334,171.0,174.0,2025-08-21,2025-08-27,7
2025-07-17,SKU045,7,144,166.82062366288352,171.0,174.0,2025-08-28,2025-09-03,7
2025-07-17,SKU045,8,155,158.84271841945719,171.0,174.0,2025-09-04,2025-09-10,7
2025-07-17,SKU046,1,77,65.04129484233383,74.0,68.75,2025-07-17,2025-07-23,7
2025-07-17,SKU046,2,69,64.69479362787251,74.0,68.75,2025-07-24,2025-07-30,7
2025-07-17,SKU046,3,63,63.2596423653591,74.0,68.75,2025-07-31,2025-08-06,7
2025-07-17,SKU046,4,64,61.33281970660584,74.0,68.75,2025-08-07,2025-08-13,7
2025-07-17,SKU046,5,50,60.64963545113343,74.0,68.75,2025-08-14,2025-08-20,7
2025-07-17,SKU046,6,54,60.58490516408135,74.0,68.75,2025-08-21,2025-08-27,7
2025-07-17,SKU046,7,58,60.259205023872326,74.0,68.75,2025-08-28,2025-09-03,7
2025-07-17,SKU046,8,54,57.63401772472264,74.0,68.75,2025-09-04,2025-09-10,7
2025-07-17,SKU047,1,107,104.46136349601707,106.0,111.0,2025-07-17,2025-07-23,7
2025-07-17,SKU047,2,110,104.44406937347185,106.0,111.0,2025-07-24,2025-07-30,7
2025-07-17,SKU047,3,101,99.4885884779279,106.0,111.0,2025-07-31,2025-08-06,7
2025-07-17,SKU047,4,109,95.22264809344952,106.0,111.0,2025-08-07,2025-08-13,7
2025-07-17,SKU047,5,88,91.86781604535791,106.0,111.0,2025-08-14,2025-08-20,7
2025-07-17,SKU047,6,90,92.8363299832751,106.0,111.0,2025-08-21,2025-08-27,7
2025-07-17,SKU047,7,101,89.98756484909957,106.0,111.0,2025-08-28,2025-09-03,7
2025-07-17,SKU047,8,87,86.44310591588726,106.0,111.0,2025-09-04,2025-09-10,7
2025-07-17,SKU048,1,61,54.63115493844907,51.0,61.25,2025-07-17,2025-07-23,7
2025-07-17,SKU048,2,51,52.3349474032005,51.0,61.25,2025-07-24,2025-07-30,7
2025-07-17,SKU048,3,47,52.57128440360151,51.0,61.25,2025-07-31,2025-08-06,7
2025-07-17,SKU048,4,40,52.508001846064246,51.0,61.25,2025-08-07,2025-08-13,7
2025-07-17,SKU048,5,51,52.72732904580978,51.0,61.25,2025-08-14,2025-08-20,7
2025-07-17,SKU048,6,44,52.72505595204109,51.0,61.25,2025-08-21,2025-08-27,7
2025-07-17,SKU048,7,55,52.56422089201038,51.0,61.25,2025-08-28,2025-09-03,7
2025-07-17,SKU048,8,65,51.122548565739145,51.0,61.25,2025-09-04,2025-09-10,7
2025-07-17,SKU049,1,162,178.76655297060202,183.0,188.75,2025-07-17,2025-07-23,7
2025-07-17,SKU049,2,168,172.2489260142977,183.0,188.75,2025-07-24,2025-07-30,7
2025-07-17,SKU049,3,159,166.2242803878378,183.0,188.75,2025-07-31,2025-08-06,7
2025-07-17,SKU049,4,145,161.27398066164497,183.0,188.75,2025-08-07,2025-08-13,7
2025-07-17,SKU049,5,159,160.6537564186629,183.0,188.75,2025-08-14,2025-08-20,7
2025-07-17,SKU049,6,149,159.67044462475008,183.0,188.75,2025-08-21,2025-08-27,7
2025-07-17,SKU049,7,158,155.78828260498648,183.0,188.75,2025-08-28,2025-09-03,7
2025-07-17,SKU049,8,158,153.59375408875198,183.0,188.75,2025-09-04,2025-09-10,7
2025-07-17,SKU050,1,42,47.603919336024674,55.0,54.0,2025-07-17,2025-07-23,7
2025-07-17,SKU050,2,46,46.47421882185286,55.0,54.0,2025-07-24,2025-07-30,7
2025-07-17,SKU050,3,31,45.28370666876299,55.0,54.0,2025-07-31,2025-08-06,7
2025-07-17,SKU050,4,41,44.87466690003367,55.0,54.0,2025-08-07,2025-08-13,7
2025-07-17,SKU050,5,40,44.851068678161,55.0,54.0,2025-08-14,2025-08-20,7
2025-07-17,SKU050,6,34,43.0843019468159,55.0,54.0,2025-08-21,2025-08-27,7
2025-07-17,SKU050,7,29,42.78470281751223,55.0,54.0,2025-08-28,2025-09-03,7
2025-07-17,SKU050,8,31,41.024037822625615,55.0,54.0,2025-09-04,2025-09-10,7
2025-09-11,SKU001,1,95,83.38031542459467,94.0,90.0,2025-09-11,2025-09-17,7
2025-09-11,SKU001,2,85,82.93343727602023,94.0,90.0,2025-09-18,2025-09-24,7
2025-09-11,SKU001,3,88,82.67753969573674,94.0,90.0,2025-09-25,2025-10-01,7
2025-09-11,SKU001,4,82,83.36847196542075,94.0,90.0,2025-10-02,2025-10-08,7
2025-09-11,SKU001,5,78,82.92998732600016,94.0,90.0,2025-10-09,2025-10-15,7
2025-09-11,SKU001,6,81,83.68593975633155,94.0,90.0,2025-10-16,2025-10-22,7
2025-09-11,SKU001,7,82,84.14108607311195,94.0,90.0,2025-10-23,2025-10-29,7
2025-09-11,SKU001,8,89,84.20246534935853,94.0,90.0,2025-10-30,2025-11-05,7
2025-09-11,SKU002,1,81,62.31676139740509,65.0,68.5,2025-09-11,2025-09-17,7
2025-09-11,SKU002,2,65,60.972086060885516,65.0,68.5,2025-09-18,2025-09-24,7
2025-09-11,SKU002,3,64,58.72621580337472,65.0,68.5,2025-09-25,2025-10-01,7
2025-09-11,SKU002,4,57,58.68623976103075,65.0,68.5,2025-10-02,2025-10-08,7
2025-09-11,SKU002,5,60,59.02605737856847,65.0,68.5,2025-10-09,2025-10-15,7
2025-09-11,SKU002,6,59,57.745855359613834,65.0,68.5,2025-10-16,2025-10-22,7
2025-09-11,SKU002,7,52,58.17382928056581,65.0,68.5,2025-10-23,2025-10-29,7
2025-09-11,SKU002,8,69,58.66191834186243,65.0,68.5,2025-10-30,2025-11-05,7
2025-09-11,SKU003,1,44,31.209988582906,30.0,32.5,2025-09-11,2025-09-17,7
2025-09-11,SKU003,2,40,30.345283443443236,30.0,32.5,2025-09-18,2025-09-24,7
2025-09-11,SKU003,3,48,30.283595397958887,30.0,32.5,2025-09-25,2025-10-01,7
2025-09-11,SKU003,4,35,30.758277956724204,30.0,32.5,2025-10-02,2025-10-08,7
2025-09-11,SKU003,5,32,30.835508452215397,30.0,32.5,2025-10-09,2025-10-15,7
2025-09-11,SKU003,6,30,31.097942304018623,30.0,32.5,2025-10-16,2025-10-22,7
2025-09-11,SKU003,7,36,31.192265794197848,30.0,32.5,2025-10-23,2025-10-29,7
2025-09-11,SKU003,8,35,31.52664163872156,30.0,32.5,2025-10-30,2025-11-05,7
2025-09-11,SKU004,1,28,28.861162393753894,38.0,29.25,2025-09-11,2025-09-17,7
2025-09-11,SKU004,2,26,28.479112613348573,38.0,29.25,2025-09-18,2025-09-24,7
2025-09-11,SKU004,3,31,28.310043344999897,38.0,29.25,2025-09-25,2025-10-01,7
2025-09-11,SKU004,4,18,28.15382944114145,38.0,29.25,2025-10-02,2025-10-08,7
2025-09-11,SKU004,5,30,29.02655017541882,38.0,29.25,2025-10-09,2025-10-15,7
2025-09-11,SKU004,6,21,29.33995592061197,38.0,29.25,2025-10-16,2025-10-22,7
2025-09-11,SKU004,7,34,29.447983465689425,38.0,29.25,2025-10-23,2025-10-29,7
2025-09-11,SKU004,8,27,29.369125664107788,38.0,29.25,2025-10-30,2025-11-05,7
2025-09-11,SKU005,1,101,90.04537097746507,86.0,95.25,2025-09-11,2025-09-17,7
2025-09-11,SKU005,2,87,90.96796502415658,86.0,95.25,2025-09-18,2025-09-24,7
2025-09-11,SKU005,3,106,91.04503209819885,86.0,95.25,2025-09-25,2025-10-01,7
2025-09-11,SKU005,4,103,89.92098203737618,86.0,95.25,2025-10-02,2025-10-08,7
2025-09-11,SKU005,5,111,90.32213937030296,86.0,95.25,2025-10-09,2025-10-15,7
2025-09-11,SKU005,6,92,91.63329191409179,86.0,95.25,2025-10-16,2025-10-22,7
2025-09-11,SKU005,7,110,93.29105669036926,86.0,95.25,2025-10-23,2025-10-29,7
2025-09-11,SKU005,8,109,94.71865955391436,86.0,95.25,2025-10-30,2025-11-05,7
2025-09-11,SKU006,1,40,39.09335447355955,49.0,39.75,2025-09-11,2025-09-17,7
2025-09-11,SKU006,2,41,36.58324151862978,49.0,39.75,2025-09-18,2025-09-24,7
2025-09-11,SKU006,3,54,38.84757157851123,49.0,39.75,2025-09-25,2025-10-01,7
2025-09-11,SKU006,4,41,38.51727768705011,49.0,39.75,2025-10-02,2025-10-08,7
2025-09-11,SKU006,5,27,36.86694561672378,49.0,39.75,2025-10-09,2025-10-15,7
2025-09-11,SKU006,6,34,37.08692863280918,49.0,39.75,2025-10-16,2025-10-22,7
2025-09-11,SKU006,7,33,37.18431286722486,49.0,39.75,2025-10-23,2025-10-29,7
2025-09-11,SKU006,8,42,37.530243299841516,49.0,39.75,2025-10-30,2025-11-05,7
2025-09-11,SKU007,1,154,142.0563810389786,148.0,154.75,2025-09-11,2025-09-17,7
2025-09-11,SKU007,2,176,145.17276247708364,148.0,154.75,2025-09-18,2025-09-24,7
2025-09-11,SKU007,3,155,151.5965035754236,148.0,154.75,2025-09-25,2025-10-01,7
2025-09-11,SKU007,4,135,152.2447265138349,148.0,154.75,2025-10-02,2025-10-08,7
2025-09-11,SKU007,5,150,152.73710659272038,148.0,154.75,2025-10-09,2025-10-15,7
2025-09-11,SKU007,6,157,151.95277791974004,148.0,154.75,2025-10-16,2025-10-22,7
2025-09-11,SKU007,7,123,151.3207918703912,148.0,154.75,2025-10-23,2025-10-29,7
2025-09-11,SKU007,8,158,154.3423837541643,148.0,154.75,2025-10-30,2025-11-05,7
2025-09-11,SKU008,1,87,85.72293024534437,87.0,93.75,2025-09-11,2025-09-17,7
2025-09-11,SKU008,2,100,85.84299128907246,87.0,93.75,2025-09-18,2025-09-24,7
2025-09-11,SKU008,3,101,85.90399244151091,87.0,93.75,2025-09-25,2025-10-01,7
2025-09-11,SKU008,4,84,85.29261067455349,87.0,93.75,2025-10-02,2025-10-08,7
2025-09-11,SKU008,5,111,86.28505218377575,87.0,93.75,2025-10-09,2025-10-15,7
2025-09-11,SKU008,6,95,87.36140690120357,87.0,93.75,2025-10-16,2025-10-22,7
2025-09-11,SKU008,7,81,88.97377240878168,87.0,93.75,2025-10-23,2025-10-29,7
2025-09-11,SKU008,8,114,89.90667313765145,87.0,93.75,2025-10-30,2025-11-05,7
2025-09-11,SKU009,1,83,61.56139142015171,78.0,66.0,2025-09-11,2025-09-17,7
2025-09-11,SKU009,2,69,60.86464306398232,78.0,66.0,2025-09-18,2025-09-24,7
2025-09-11,SKU009,3,78,60.623088857739155,78.0,66.0,2025-09-25,2025-10-01,7
2025-09-11,SKU009,4,51,60.18142867565581,78.0,66.0,2025-10-02,2025-10-08,7
2025-09-11,SKU009,5,59,59.599770975159764,78.0,66.0,2025-10-09,2025-10-15,7
2025-09-11,SKU009,6,55,59.614977226572904,78.0,66.0,2025-10-16,2025-10-22,7
2025-09-11,SKU009,7,53,59.91741391248318,78.0,66.0,2025-10-23,2025-10-29,7
2025-09-11,SKU009,8,81,60.65297295400278,78.0,66.0,2025-10-30,2025-11-05,7
2025-09-11,SKU010,1,92,97.32710658514826,99.0,105.0,2025-09-11,2025-09-17,7
2025-09-11,SKU010,2,115,96.84026702579243,99.0,105.0,2025-09-18,2025-09-24,7
2025-09-11,SKU010,3,93,94.91999120655802,99.0,105.0,2025-09-25,2025-10-01,7
2025-09-11,SKU010,4,85,93.72210481394953,99.0,105.0,2025-10-02,2025-10-08,7
2025-09-11,SKU010,5,84,94.41026855030972,99.0,105.0,2025-10-09,2025-10-15,7
2025-09-11,SKU010,6,85,93.62424098127045,99.0,105.0,2025-10-16,2025-10-22,7
2025-09-11,SKU010,7,113,95.43001522235038,99.0,105.0,2025-10-23,2025-10-29,7
2025-09-11,SKU010,8,100,97.52528624167695,99.0,105.0,2025-10-30,2025-11-05,7
2025-09-11,SKU011,1,16,16.023644756718515,11.0,15.0,2025-09-11,2025-09-17,7
2025-09-11,SKU011,2,17,16.376043657203773,11.0,15.0,2025-09-18,2025-09-24,7
2025-09-11,SKU011,3,14,16.348383797157016,11.0,15.0,2025-09-25,2025-10-01,7
2025-09-11,SKU011,4,29,16.370469099005717,11.0,15.0,2025-10-02,2025-10-08,7
2025-09-11,SKU011,5,9,16.511383253466633,11.0,15.0,2025-10-09,2025-10-15,7
2025-09-11,SKU011,6,13,16.773817105269853,11.0,15.0,2025-10-16,2025-10-22,7
2025-09-11,SKU011,7,24,16.845142004034066,11.0,15.0,2025-10-23,2025-10-29,7
2025-09-11,SKU011,8,15,17.11994999966647,11.0,15.0,2025-10-30,2025-11-05,7
2025-09-11,SKU012,1,180,149.5617814570846,173.0,172.0,2025-09-11,2025-09-17,7
2025-09-11,SKU012,2,164,151.71186065898019,173.0,172.0,2025-09-18,2025-09-24,7
2025-09-11,SKU012,3,144,151.04456928916767,173.0,172.0,2025-09-25,2025-10-01,7
2025-09-11,SKU012,4,135,151.25982463503766,173.0,172.0,2025-10-02,2025-10-08,7
2025-09-11,SKU012,5,146,153.1389739733102,173.0,172.0,2025-10-09,2025-10-15,7
2025-09-11,SKU012,6,134,154.27523764198838,173.0,172.0,2025-10-16,2025-10-22,7
2025-09-11,SKU012,7,132,154.9319650277157,173.0,172.0,2025-10-23,2025-10-29,7
2025-09-11,SKU012,8,151,156.36077812810876,173.0,172.0,2025-10-30,2025-11-05,7
2025-09-11,SKU013,1,97,83.30352675788005,96.0,96.25,2025-09-11,2025-09-17,7
2025-09-11,SKU013,2,78,83.05638752410096,96.0,96.25,2025-09-18,2025-09-24,7
2025-09-11,SKU013,3,103,84.22495342883796,96.0,96.25,2025-09-25,2025-10-01,7
2025-09-11,SKU013,4,87,82.76131734841265,96.0,96.25,2025-10-02,2025-10-08,7
2025-09-11,SKU013,5,75,82.62301217709108,96.0,96.25,2025-10-09,2025-10-15,7
2025-09-11,SKU013,6,65,83.4203661950695,96.0,96.25,2025-10-16,2025-10-22,7
2025-09-11,SKU013,7,60,83.91026134061138,96.0,96.25,2025-10-23,2025-10-29,7
2025-09-11,SKU013,8,84,84.31772514328136,96.0,96.25,2025-10-30,2025-11-05,7
2025-09-11,SKU014,1,133,124.96944842192113,151.0,139.0,2025-09-11,2025-09-17,7
2025-09-11,SKU014,2,138,129.5443782021601,151.0,139.0,2025-09-18,2025-09-24,7
2025-09-11,SKU014,3,139,133.9351705664938,151.0,139.0,2025-09-25,2025-10-01,7
2025-09-11,SKU014,4,122,134.34468585576784,151.0,139.0,2025-10-02,2025-10-08,7
2025-09-11,SKU014,5,124,133.7813657731149,151.0,139.0,2025-10-09,2025-10-15,7
2025-09-11,SKU014,6,120,133.90138320629057,151.0,139.0,2025-10-16,2025-10-22,7
2025-09-11,SKU014,7,131,134.79598151201773,151.0,139.0,2025-10-23,2025-10-29,7
2025-09-11,SKU014,8,117,135.3892797455001,151.0,139.0,2025-10-30,2025-11-05,7
2025-09-11,SKU015,1,22,23.843432770619557,29.0,26.5,2025-09-11,2025-09-17,7
2025-09-11,SKU015,2,26,23.772062813053036,29.0,26.5,2025-09-18,2025-09-24,7
2025-09-11,SKU015,3,26,23.981155120301153,29.0,26.5,2025-09-25,2025-10-01,7
2025-09-11,SKU015,4,21,23.95878415904075,29.0,26.5,2025-10-02,2025-10-08,7
2025-09-11,SKU015,5,20,24.6619405591755,29.0,26.5,2025-10-09,2025-10-15,7
2025-09-11,SKU015,6,16,24.776850720091453,29.0,26.5,2025-10-16,2025-10-22,7
2025-09-11,SKU015,7,20,24.274848279064752,29.0,26.5,2025-10-23,2025-10-29,7
2025-09-11,SKU015,8,13,24.51152305345508,29.0,26.5,2025-10-30,2025-11-05,7
2025-09-11,SKU016,1,74,77.83715517105671,77.0,81.5,2025-09-11,2025-09-17,7
2025-09-11,SKU016,2,77,78.24737526957186,77.0,81.5,2025-09-18,2025-09-24,7
2025-09-11,SKU016,3,83,77.43434555652344,77.0,81.5,2025-09-25,2025-10-01,7
2025-09-11,SKU016,4,72,77.91382597573057,77.0,81.5,2025-10-02,2025-10-08,7
2025-09-11,SKU016,5,86,77.91571609929842,77.0,81.5,2025-10-09,2025-10-15,7
2025-09-11,SKU016,6,83,78.85399641613046,77.0,81.5,2025-10-16,2025-10-22,7
2025-09-11,SKU016,7,79,80.24754206053012,77.0,81.5,2025-10-23,2025-10-29,7
2025-09-11,SKU016,8,104,80.5696496268586,77.0,81.5,2025-10-30,2025-11-05,7
2025-09-11,SKU017,1,81,75.87338934970441,70.0,77.25,2025-09-11,2025-09-17,7
2025-09-11,SKU017,2,83,74.363066798751,70.0,77.25,2025-09-18,2025-09-24,7
2025-09-11,SKU017,3,95,74.1486868984964,70.0,77.25,2025-09-25,2025-10-01,7
2025-09-11,SKU017,4,70,74.73389971968918,70.0,77.25,2025-10-02,2025-10-08,7
2025-09-11,SKU017,5,80,75.85057082184387,70.0,77.25,2025-10-09,2025-10-15,7
2025-09-11,SKU017,6,75,77.03050299776892,70.0,77.25,2025-10-16,2025-10-22,7
2025-09-11,SKU017,7,73,79.44770173631034,70.0,77.25,2025-10-23,2025-10-29,7
2025-09-11,SKU017,8,87,80.823478059842,70.0,77.25,2025-10-30,2025-11-05,7
2025-09-11,SKU018,1,167,144.46694210934186,142.0,149.25,2025-09-11,2025-09-17,7
2025-09-11,SKU018,2,135,146.5783291209782,142.0,149.25,2025-09-18,2025-09-24,7
2025-09-11,SKU018,3,142,147.82449731859697,142.0,149.25,2025-09-25,2025-10-01,7
2025-09-11,SKU018,4,152,149.8418303212389,142.0,149.25,2025-10-02,2025-10-08,7
2025-09-11,SKU018,5,152,153.89776874426175,142.0,149.25,2025-10-09,2025-10-15,7
2025-09-11,SKU018,6,138,151.34056822858273,142.0,149.25,2025-10-16,2025-10-22,7
2025-09-11,SKU018,7,129,152.25117838207322,142.0,149.25,2025-10-23,2025-10-29,7
2025-09-11,SKU018,8,170,154.38036141984918,142.0,149.25,2025-10-30,2025-11-05,7
2025-09-11,SKU019,1,80,90.6083742153536,92.0,96.5,2025-09-11,2025-09-17,7
2025-09-11,SKU019,2,104,87.48713676080092,92.0,96.5,2025-09-18,2025-09-24,7
2025-09-11,SKU019,3,107,88.92957491612468,92.0,96.5,2025-09-25,2025-10-01,7
2025-09-11,SKU019,4,83,88.26015353938857,92.0,96.5,2025-10-02,2025-10-08,7
2025-09-11,SKU019,5,86,88.80914090613126,92.0,96.5,2025-10-09,2025-10-15,7
2025-09-11,SKU019,6,101,89.68671525674014,92.0,96.5,2025-10-16,2025-10-22,7
2025-09-11,SKU019,7,87,90.57799186162632,92.0,96.5,2025-10-23,2025-10-29,7
2025-09-11,SKU019,8,104,93.13783986859809,92.0,96.5,2025-10-30,2025-11-05,7
2025-09-11,SKU020,1,85,80.69087630696968,94.0,88.0,2025-09-11,2025-09-17,7
2025-09-11,SKU020,2,80,80.22287158497421,94.0,88.0,2025-09-18,2025-09-24,7
2025-09-11,SKU020,3,88,82.1707966166573,94.0,88.0,2025-09-25,2025-10-01,7
2025-09-11,SKU020,4,83,80.68531399008236,94.0,88.0,2025-10-02,2025-10-08,7
2025-09-11,SKU020,5,100,79.37292820666627,94.0,88.0,2025-10-09,2025-10-15,7
2025-09-11,SKU020,6,78,80.26706676609295,94.0,88.0,2025-10-16,2025-10-22,7
2025-09-11,SKU020,7,90,80.81816609276353,94.0,88.0,2025-10-23,2025-10-29,7
2025-09-11,SKU020,8,84,80.81939741524864,94.0,88.0,2025-10-30,2025-11-05,7
2025-09-11,SKU021,1,52,49.27666537969175,53.0,51.75,2025-09-11,2025-09-17,7
2025-09-11,SKU021,2,47,47.62266804417213,53.0,51.75,2025-09-18,2025-09-24,7
2025-09-11,SKU021,3,56,48.12145260085303,53.0,51.75,2025-09-25,2025-10-01,7
2025-09-11,SKU021,4,38,48.2906688620952,53.0,51.75,2025-10-02,2025-10-08,7
2025-09-11,SKU021,5,55,48.93525592143821,53.0,51.75,2025-10-09,2025-10-15,7
2025-09-11,SKU021,6,62,49.39166856114518,53.0,51.75,2025-10-16,2025-10-22,7
2025-09-11,SKU021,7,40,50.15783811382086,53.0,51.75,2025-10-23,2025-10-29,7
2025-09-11,SKU021,8,50,50.574102546963246,53.0,51.75,2025-10-30,2025-11-05,7
2025-09-11,SKU022,1,61,57.43400728572863,61.0,61.25,2025-09-11,2025-09-17,7
2025-09-11,SKU022,2,62,54.54018233502686,61.0,61.25,2025-09-18,2025-09-24,7
2025-09-11,SKU022,3,58,55.442953339987774,61.0,61.25,2025-09-25,2025-10-01,7
2025-09-11,SKU022,4,45,55.48186482746774,61.0,61.25,2025-10-02,2025-10-08,7
2025-09-11,SKU022,5,62,55.13778487920592,61.0,61.25,2025-10-09,2025-10-15,7
2025-09-11,SKU022,6,54,55.536514677793285,61.0,61.25,2025-10-16,2025-10-22,7
2025-09-11,SKU022,7,52,55.537260940065224,61.0,61.25,2025-10-23,2025-10-29,7
2025-09-11,SKU022,8,61,56.075849857406375,61.0,61.25,2025-10-30,2025-11-05,7
2025-09-11,SKU023,1,67,79.59724844399756,72.0,84.0,2025-09-11,2025-09-17,7
2025-09-11,SKU023,2,93,78.00168757693123,72.0,84.0,2025-09-18,2025-09-24,7
2025-09-11,SKU023,3,106,77.22208015317455,72.0,84.0,2025-09-25,2025-10-01,7
2025-09-11,SKU023,4,94,77.89993011892622,72.0,84.0,2025-10-02,2025-10-08,7
2025-09-11,SKU023,5,72,78.55439318830865,72.0,84.0,2025-10-09,2025-10-15,7
2025-09-11,SKU023,6,73,80.18840684472364,72.0,84.0,2025-10-16,2025-10-22,7
2025-09-11,SKU023,7,88,81.93170522720646,72.0,84.0,2025-10-23,2025-10-29,7
2025-09-11,SKU023,8,95,82.8147842945164,72.0,84.0,2025-10-30,2025-11-05,7
2025-09-11,SKU024,1,82,77.97775860519377,95.0,88.25,2025-09-11,2025-09-17,7
2025-09-11,SKU024,2,80,77.87274073224393,95.0,88.25,2025-09-18,2025-09-24,7
2025-09-11,SKU024,3,75,78.04932450536421,95.0,88.25,2025-09-25,2025-10-01,7
2025-09-11,SKU024,4,70,73.77790715460853,95.0,88.25,2025-10-02,2025-10-08,7
2025-09-11,SKU024,5,76,74.72583201651393,95.0,88.25,2025-10-09,2025-10-15,7
2025-09-11,SKU024,6,72,75.7181102564705,95.0,88.25,2025-10-16,2025-10-22,7
2025-09-11,SKU024,7,77,73.75387634603577,95.0,88.25,2025-10-23,2025-10-29,7
2025-09-11,SKU024,8,84,73.46505893826757,95.0,88.25,2025-10-30,2025-11-05,7
2025-09-11,SKU025,1,20,16.44756998758747,12.0,17.25,2025-09-11,2025-09-17,7
2025-09-11,SKU025,2,14,16.85297221777746,12.0,17.25,2025-09-18,2025-09-24,7
2025-09-11,SKU025,3,19,17.301127568761483,12.0,17.25,2025-09-25,2025-10-01,7
2025-09-11,SKU025,4,14,17.301127568761483,12.0,17.25,2025-10-02,2025-10-08,7
2025-09-11,SKU025,5,13,17.4420417232224,12.0,17.25,2025-10-09,2025-10-15,7
2025-09-11,SKU025,6,19,17.70447557502562,12.0,17.25,2025-10-16,2025-10-22,7
2025-09-11,SKU025,7,15,17.775800473789833,12.0,17.25,2025-10-23,2025-10-29,7
2025-09-11,SKU025,8,25,18.02201363318423,12.0,17.25,2025-10-30,2025-11-05,7
2025-09-11,SKU026,1,116,132.29803832425907,138.0,131.75,2025-09-11,2025-09-17,7
2025-09-11,SKU026,2,152,135.46863432002442,138.0,131.75,2025-09-18,2025-09-24,7
2025-09-11,SKU026,3,130,135.90644737672181,138.0,131.75,2025-09-25,2025-10-01,7
2025-09-11,SKU026,4,108,136.1709368776112,138.0,131.75,2025-10-02,2025-10-08,7
2025-09-11,SKU026,5,141,136.92886053159322,138.0,131.75,2025-10-09,2025-10-15,7
2025-09-11,SKU026,6,136,136.7282130001076,138.0,131.75,2025-10-16,2025-10-22,7
2025-09-11,SKU026,7,128,136.54433230986785,138.0,131.75,2025-10-23,2025-10-29,7
2025-09-11,SKU026,8,131,138.04358357859434,138.0,131.75,2025-10-30,2025-11-05,7
2025-09-11,SKU027,1,159,136.69233484937294,168.0,147.75,2025-09-11,2025-09-17,7
2025-09-11,SKU027,2,144,131.00402626132643,168.0,147.75,2025-09-18,2025-09-24,7
2025-09-11,SKU027,3,156,134.02781804390298,168.0,147.75,2025-09-25,2025-10-01,7
2025-09-11,SKU027,4,156,139.88460422676957,168.0,147.75,2025-10-02,2025-10-08,7
2025-09-11,SKU027,5,139,141.26676688284766,168.0,147.75,2025-10-09,2025-10-15,7
2025-09-11,SKU027,6,120,142.07200544686145,168.0,147.75,2025-10-16,2025-10-22,7
2025-09-11,SKU027,7,143,143.71875572226955,168.0,147.75,2025-10-23,2025-10-29,7
2025-09-11,SKU027,8,122,144.75068260091678,168.0,147.75,2025-10-30,2025-11-05,7
2025-09-11,SKU028,1,35,32.80294988325793,35.0,35.25,2025-09-11,2025-09-17,7
2025-09-11,SKU028,2,31,33.24568830593181,35.0,35.25,2025-09-18,2025-09-24,7
2025-09-11,SKU028,3,28,33.4903742280997,35.0,35.25,2025-09-25,2025-10-01,7
2025-09-11,SKU028,4,21,33.16480140701084,35.0,35.25,2025-10-02,2025-10-08,7
2025-09-11,SKU028,5,31,33.632038861454724,35.0,35.25,2025-10-09,2025-10-15,7
2025-09-11,SKU028,6,33,33.805113093619,35.0,35.25,2025-10-16,2025-10-22,7
2025-09-11,SKU028,7,28,33.87516922227224,35.0,35.25,2025-10-23,2025-10-29,7
2025-09-11,SKU028,8,31,34.16185209626257,35.0,35.25,2025-10-30,2025-11-05,7
2025-09-11,SKU029,1,84,92.92338567216639,90.0,102.25,2025-09-11,2025-09-17,7
2025-09-11,SKU029,2,95,90.60667404748949,90.0,102.25,2025-09-18,2025-09-24,7
2025-09-11,SKU029,3,96,89.4673213721092,90.0,102.25,2025-09-25,2025-10-01,7
2025-09-11,SKU029,4,80,89.63614062982626,90.0,102.25,2025-10-02,2025-10-08,7
2025-09-11,SKU029,5,88,90.00986225621122,90.0,102.25,2025-10-09,2025-10-15,7
2025-09-11,SKU029,6,100,90.68758886485047,90.0,102.25,2025-10-16,2025-10-22,7
2025-09-11,SKU029,7,86,91.80739500732449,90.0,102.25,2025-10-23,2025-10-29,7
2025-09-11,SKU029,8,98,92.5397511186642,90.0,102.25,2025-10-30,2025-11-05,7
2025-09-11,SKU030,1,33,28.862401897537676,35.0,31.0,2025-09-11,2025-09-17,7
2025-09-11,SKU030,2,33,28.659054911560823,35.0,31.0,2025-09-18,2025-09-24,7
2025-09-11,SKU030,3,37,29.34987828592527,35.0,31.0,2025-09-25,2025-10-01,7
2025-09-11,SKU030,4,22,29.219690870383864,35.0,31.0,2025-10-02,2025-10-08,7
2025-09-11,SKU030,5,34,29.359148389283966,35.0,31.0,2025-10-09,2025-10-15,7
2025-09-11,SKU030,6,29,29.63877805905761,35.0,31.0,2025-10-16,2025-10-22,7
2025-09-11,SKU030,7,22,29.78886005046305,35.0,31.0,2025-10-23,2025-10-29,7
2025-09-11,SKU030,8,34,30.029232027649492,35.0,31.0,2025-10-30,2025-11-05,7
2025-09-11,SKU031,1,115,109.56119981217518,123.0,121.25000000000001,2025-09-11,2025-09-17,7
2025-09-11,SKU031,2,120,108.05290060981127,123.0,121.25000000000001,2025-09-18,2025-09-24,7
2025-09-11,SKU031,3,111,109.2959712845063,123.0,121.25000000000001,2025-09-25,2025-10-01,7
2025-09-11,SKU031,4,118,111.58444287822464,123.0,121.25000000000001,2025-10-02,2025-10-08,7
2025-09-11,SKU031,5,106,111.65102402405657,123.0,121.25000000000001,2025-10-09,2025-10-15,7
2025-09-11,SKU031,6,112,112.18637269111329,123.0,121.25000000000001,2025-10-16,2025-10-22,7
2025-09-11,SKU031,7,117,113.14305671174147,123.0,121.25000000000001,2025-10-23,2025-10-29,7
2025-09-11,SKU031,8,108,114.3126053753333,123.0,121.25000000000001,2025-10-30,2025-11-05,7
2025-09-11,SKU032,1,69,51.33024232138294,61.0,56.5,2025-09-11,2025-09-17,7
2025-09-11,SKU032,2,54,51.02014542997316,61.0,56.5,2025-09-18,2025-09-24,7
2025-09-11,SKU032,3,54,51.2350759541569,61.0,56.5,2025-09-25,2025-10-01,7
2025-09-11,SKU032,4,53,51.6186066958182,61.0,56.5,2025-10-02,2025-10-08,7
2025-09-11,SKU032,5,44,51.76763252851463,61.0,56.5,2025-10-09,2025-10-15,7
2025-09-11,SKU032,6,52,52.57321098201819,61.0,56.5,2025-10-16,2025-10-22,7
2025-09-11,SKU032,7,62,52.86005955823753,61.0,56.5,2025-10-23,2025-10-29,7
2025-09-11,SKU032,8,58,53.14196161201812,61.0,56.5,2025-10-30,2025-11-05,7
2025-09-11,SKU033,1,121,100.00017119316513,108.0,110.75,2025-09-11,2025-09-17,7
2025-09-11,SKU033,2,107,101.60544004789266,108.0,110.75,2025-09-18,2025-09-24,7
2025-09-11,SKU033,3,124,101.09558920751991,108.0,110.75,2025-09-25,2025-10-01,7
2025-09-11,SKU033,4,97,101.4128688190152,108.0,110.75,2025-10-02,2025-10-08,7
2025-09-11,SKU033,5,93,99.24625078816166,108.0,110.75,2025-10-09,2025-10-15,7
2025-09-11,SKU033,6,96,100.53453736709722,108.0,110.75,2025-10-16,2025-10-22,7
2025-09-11,SKU033,7,108,102.89012663861186,108.0,110.75,2025-10-23,2025-10-29,7
2025-09-11,SKU033,8,92,105.42763827273201,108.0,110.75,2025-10-30,2025-11-05,7
2025-09-11,SKU034,1,105,121.49740852357652,143.0,129.0,2025-09-11,2025-09-17,7
2025-09-11,SKU034,2,133,125.83699987027646,143.0,129.0,2025-09-18,2025-09-24,7
2025-09-11,SKU034,3,137,127.1466907126861,143.0,129.0,2025-09-25,2025-10-01,7
2025-09-11,SKU034,4,98,124.71338598675764,143.0,129.0,2025-10-02,2025-10-08,7
2025-09-11,SKU034,5,115,121.87674420218785,143.0,129.0,2025-10-09,2025-10-15,7
2025-09-11,SKU034,6,97,123.72677990039743,143.0,129.0,2025-10-16,2025-10-22,7
2025-09-11,SKU034,7,106,125.42578107724171,143.0,129.0,2025-10-23,2025-10-29,7
2025-09-11,SKU034,8,125,125.64825542490533,143.0,129.0,2025-10-30,2025-11-05,7
2025-09-11,SKU035,1,116,123.8836680376661,146.0,134.0,2025-09-11,2025-09-17,7
2025-09-11,SKU035,2,138,131.0730709738374,146.0,134.0,2025-09-18,2025-09-24,7
2025-09-11,SKU035,3,126,129.97532511364764,146.0,134.0,2025-09-25,2025-10-01,7
2025-09-11,SKU035,4,122,128.52442293642434,146.0,134.0,2025-10-02,2025-10-08,7
2025-09-11,SKU035,5,123,124.44056364853097,146.0,134.0,2025-10-09,2025-10-15,7
2025-09-11,SKU035,6,144,125.297573086329,146.0,134.0,2025-10-16,2025-10-22,7
2025-09-11,SKU035,7,110,125.46047835716917,146.0,134.0,2025-10-23,2025-10-29,7
2025-09-11,SKU035,8,109,127.29740734218049,146.0,134.0,2025-10-30,2025-11-05,7
2025-09-11,SKU036,1,26,28.23142062764584,30.0,30.750000000000004,2025-09-11,2025-09-17,7
2025-09-11,SKU036,2,32,28.50095767358348,30.0,30.750000000000004,2025-09-18,2025-09-24,7
2025-09-11,SKU036,3,34,29.572732070197425,30.0,30.750000000000004,2025-09-25,2025-10-01,7
2025-09-11,SKU036,4,26,29.4917288667513,30.0,30.750000000000004,2025-10-02,2025-10-08,7
2025-09-11,SKU036,5,15,29.6127097927496,30.0,30.750000000000004,2025-10-09,2025-10-15,7
2025-09-11,SKU036,6,33,29.765214180956377,30.0,30.750000000000004,2025-10-16,2025-10-22,7
2025-09-11,SKU036,7,28,29.808796875969957,30.0,30.750000000000004,2025-10-23,2025-10-29,7
2025-09-11,SKU036,8,28,30.243162903851335,30.0,30.750000000000004,2025-10-30,2025-11-05,7
2025-09-11,SKU037,1,151,139.76889374851282,133.0,155.0,2025-09-11,2025-09-17,7
2025-09-11,SKU037,2,182,145.42431163045288,133.0,155.0,2025-09-18,2025-09-24,7
2025-09-11,SKU037,3,141,138.79816284802644,133.0,155.0,2025-09-25,2025-10-01,7
2025-09-11,SKU037,4,139,139.64507174789784,133.0,155.0,2025-10-02,2025-10-08,7
2025-09-11,SKU037,5,130,140.169421251517,133.0,155.0,2025-10-09,2025-10-15,7
2025-09-11,SKU037,6,160,142.1004401147723,133.0,155.0,2025-10-16,2025-10-22,7
2025-09-11,SKU037,7,138,142.0150792135252,133.0,155.0,2025-10-23,2025-10-29,7
2025-09-11,SKU037,8,155,143.28621511625533,133.0,155.0,2025-10-30,2025-11-05,7
2025-09-11,SKU038,1,57,44.662104525954774,45.0,48.5,2025-09-11,2025-09-17,7
2025-09-11,SKU038,2,28,44.63717224030837,45.0,48.5,2025-09-18,2025-09-24,7
2025-09-11,SKU038,3,50,43.43333797961785,45.0,48.5,2025-09-25,2025-10-01,7
2025-09-11,SKU038,4,47,42.99590859446801,45.0,48.5,2025-10-02,2025-10-08,7
2025-09-11,SKU038,5,48,43.32485104106453,45.0,48.5,2025-10-09,2025-10-15,7
2025-09-11,SKU038,6,39,43.791300875629226,45.0,48.5,2025-10-16,2025-10-22,7
2025-09-11,SKU038,7,48,44.15735866604223,45.0,48.5,2025-10-23,2025-10-29,7
2025-09-11,SKU038,8,36,44.4098470582514,45.0,48.5,2025-10-30,2025-11-05,7
2025-09-11,SKU039,1,24,17.606801296774453,14.0,16.25,2025-09-11,2025-09-17,7
2025-09-11,SKU039,2,17,17.587358639645345,14.0,16.25,2025-09-18,2025-09-24,7
2025-09-11,SKU039,3,31,17.587358639645345,14.0,16.25,2025-09-25,2025-10-01,7
2025-09-11,SKU039,4,18,17.587358639645345,14.0,16.25,2025-10-02,2025-10-08,7
2025-09-11,SKU039,5,18,17.72827279410626,14.0,16.25,2025-10-09,2025-10-15,7
2025-09-11,SKU039,6,18,17.990272028626475,14.0,16.25,2025-10-16,2025-10-22,7
2025-09-11,SKU039,7,20,18.061270964428434,14.0,16.25,2025-10-23,2025-10-29,7
2025-09-11,SKU039,8,20,18.27852745977908,14.0,16.25,2025-10-30,2025-11-05,7
2025-09-11,SKU040,1,113,96.77306220832425,101.0,102.75,2025-09-11,2025-09-17,7
2025-09-11,SKU040,2,98,91.86785168101771,101.0,102.75,2025-09-18,2025-09-24,7
2025-09-11,SKU040,3,81,93.42661517492951,101.0,102.75,2025-09-25,2025-10-01,7
2025-09-11,SKU040,4,85,91.08782791301525,101.0,102.75,2025-10-02,2025-10-08,7
2025-09-11,SKU040,5,79,91.17341862412346,101.0,102.75,2025-10-09,2025-10-15,7
2025-09-11,SKU040,6,84,92.29570080657807,101.0,102.75,2025-10-16,2025-10-22,7
2025-09-11,SKU040,7,91,92.66210956606776,101.0,102.75,2025-10-23,2025-10-29,7
2025-09-11,SKU040,8,96,93.54041653827832,101.0,102.75,2025-10-30,2025-11-05,7
2025-09-11,SKU041,1,61,66.36555816855777,70.0,71.75,2025-09-11,2025-09-17,7
2025-09-11,SKU041,2,63,64.7333895546124,70.0,71.75,2025-09-18,2025-09-24,7
2025-09-11,SKU041,3,68,64.79891477263234,70.0,71.75,2025-09-25,2025-10-01,7
2025-09-11,SKU041,4,62,65.04309065361406,70.0,71.75,2025-10-02,2025-10-08,7
2025-09-11,SKU041,5,57,65.12508130719372,70.0,71.75,2025-10-09,2025-10-15,7
2025-09-11,SKU041,6,56,65.45724182856316,70.0,71.75,2025-10-16,2025-10-22,7
2025-09-11,SKU041,7,47,66.05158576402083,70.0,71.75,2025-10-23,2025-10-29,7
2025-09-11,SKU041,8,74,66.0343703693679,70.0,71.75,2025-10-30,2025-11-05,7
2025-09-11,SKU042,1,151,139.99690480821405,143.0,151.25,2025-09-11,2025-09-17,7
2025-09-11,SKU042,2,156,142.97007810118654,143.0,151.25,2025-09-18,2025-09-24,7
2025-09-11,SKU042,3,130,135.85684230384285,143.0,151.25,2025-09-25,2025-10-01,7
2025-09-11,SKU042,4,139,136.9588632142056,143.0,151.25,2025-10-02,2025-10-08,7
2025-09-11,SKU042,5,134,136.47239242348346,143.0,151.25,2025-10-09,2025-10-15,7
2025-09-11,SKU042,6,124,136.59614702052423,143.0,151.25,2025-10-16,2025-10-22,7
2025-09-11,SKU042,7,122,136.97327493324272,143.0,151.25,2025-10-23,2025-10-29,7
2025-09-11,SKU042,8,139,139.09567962453738,143.0,151.25,2025-10-30,2025-11-05,7
2025-09-11,SKU043,1,145,127.84709100771113,126.0,128.75,2025-09-11,2025-09-17,7
2025-09-11,SKU043,2,132,132.00147476935555,126.0,128.75,2025-09-18,2025-09-24,7
2025-09-11,SKU043,3,123,131.71447345076183,126.0,128.75,2025-09-25,2025-10-01,7
2025-09-11,SKU043,4,126,129.6932693666142,126.0,128.75,2025-10-02,2025-10-08,7
2025-09-11,SKU043,5,127,130.91960448009348,126.0,128.75,2025-10-09,2025-10-15,7
2025-09-11,SKU043,6,123,132.3279622482136,126.0,128.75,2025-10-16,2025-10-22,7
2025-09-11,SKU043,7,120,133.725991252471,126.0,128.75,2025-10-23,2025-10-29,7
2025-09-11,SKU043,8,149,135.00167600288745,126.0,128.75,2025-10-30,2025-11-05,7
2025-09-11,SKU044,1,57,56.55174325588239,60.0,61.50000000000001,2025-09-11,2025-09-17,7
2025-09-11,SKU044,2,44,53.69146811582002,60.0,61.50000000000001,2025-09-18,2025-09-24,7
2025-09-11,SKU044,3,59,53.871437808960366,60.0,61.50000000000001,2025-09-25,2025-10-01,7
2025-09-11,SKU044,4,61,54.266151168098354,60.0,61.50000000000001,2025-10-02,2025-10-08,7
2025-09-11,SKU044,5,47,52.89356474075775,60.0,61.50000000000001,2025-10-09,2025-10-15,7
2025-09-11,SKU044,6,51,52.95164831309455,60.0,61.50000000000001,2025-10-16,2025-10-22,7
2025-09-11,SKU044,7,54,53.19606854922407,60.0,61.50000000000001,2025-10-23,2025-10-29,7
2025-09-11,SKU044,8,65,53.30563419325878,60.0,61.50000000000001,2025-10-30,2025-11-05,7
2025-09-11,SKU045,1,170,142.8956708762474,155.0,152.0,2025-09-11,2025-09-17,7
2025-09-11,SKU045,2,146,144.08223472170783,155.0,152.0,2025-09-18,2025-09-24,7
2025-09-11,SKU045,3,166,148.2109538732007,155.0,152.0,2025-09-25,2025-10-01,7
2025-09-11,SKU045,4,126,151.83552119705763,155.0,152.0,2025-10-02,2025-10-08,7
2025-09-11,SKU045,5,135,155.73011026335098,155.0,152.0,2025-10-09,2025-10-15,7
2025-09-11,SKU045,6,135,152.916335687545,155.0,152.0,2025-10-16,2025-10-22,7
2025-09-11,SKU045,7,133,152.85715909718644,155.0,152.0,2025-10-23,2025-10-29,7
2025-09-11,SKU045,8,136,154.37426673721123,155.0,152.0,2025-10-30,2025-11-05,7
2025-09-11,SKU046,1,58,51.187926964733805,54.0,54.0,2025-09-11,2025-09-17,7
2025-09-11,SKU046,2,65,51.32600980935109,54.0,54.0,2025-09-18,2025-09-24,7
2025-09-11,SKU046,3,73,51.70452481066545,54.0,54.0,2025-09-25,2025-10-01,7
2025-09-11,SKU046,4,51,51.82006144928341,54.0,54.0,2025-10-02,2025-10-08,7
2025-09-11,SKU046,5,51,52.238209605590114,54.0,54.0,2025-10-09,2025-10-15,7
2025-09-11,SKU046,6,46,52.52011052707918,54.0,54.0,2025-10-16,2025-10-22,7
2025-09-11,SKU046,7,56,52.75836670572519,54.0,54.0,2025-10-23,2025-10-29,7
2025-09-11,SKU046,8,51,53.351577019900475,54.0,54.0,2025-10-30,2025-11-05,7
2025-09-11,SKU047,1,84,82.74724490303471,87.0,91.5,2025-09-11,2025-09-17,7
2025-09-11,SKU047,2,98,83.7199854324145,87.0,91.5,2025-09-18,2025-09-24,7
2025-09-11,SKU047,3,84,83.28271436602175,87.0,91.5,2025-09-25,2025-10-01,7
2025-09-11,SKU047,4,80,81.41311451505682,87.0,91.5,2025-10-02,2025-10-08,7
2025-09-11,SKU047,5,75,83.20629090744904,87.0,91.5,2025-10-09,2025-10-15,7
2025-09-11,SKU047,6,74,83.78021859407916,87.0,91.5,2025-10-16,2025-10-22,7
2025-09-11,SKU047,7,82,84.44279966515734,87.0,91.5,2025-10-23,2025-10-29,7
2025-09-11,SKU047,8,104,85.39243065905532,87.0,91.5,2025-10-30,2025-11-05,7
2025-09-11,SKU048,1,51,50.288037943445346,65.0,53.75,2025-09-11,2025-09-17,7
2025-09-11,SKU048,2,60,50.78017079617919,65.0,53.75,2025-09-18,2025-09-24,7
2025-09-11,SKU048,3,45,50.20169125709036,65.0,53.75,2025-09-25,2025-10-01,7
2025-09-11,SKU048,4,45,49.86051092084948,65.0,53.75,2025-10-02,2025-10-08,7
2025-09-11,SKU048,5,57,49.051431304697175,65.0,53.75,2025-10-09,2025-10-15,7
2025-09-11,SKU048,6,51,49.22234200671585,65.0,53.75,2025-10-16,2025-10-22,7
2025-09-11,SKU048,7,31,49.36659985016152,65.0,53.75,2025-10-23,2025-10-29,7
2025-09-11,SKU048,8,77,49.92819350687804,65.0,53.75,2025-10-30,2025-11-05,7
2025-09-11,SKU049,1,164,145.81901012350284,158.0,156.0,2025-09-11,2025-09-17,7
2025-09-11,SKU049,2,164,146.30525006024203,158.0,156.0,2025-09-18,2025-09-24,7
2025-09-11,SKU049,3,166,147.79723423980204,158.0,156.0,2025-09-25,2025-10-01,7
2025-09-11,SKU049,4,133,153.37911710281028,158.0,156.0,2025-10-02,2025-10-08,7
2025-09-11,SKU049,5,154,152.33871006572576,158.0,156.0,2025-10-09,2025-10-15,7
2025-09-11,SKU049,6,132,152.63575558969555,158.0,156.0,2025-10-16,2025-10-22,7
2025-09-11,SKU049,7,143,151.17799326756074,158.0,156.0,2025-10-23,2025-10-29,7
2025-09-11,SKU049,8,157,152.9777222588339,158.0,156.0,2025-10-30,2025-11-05,7
2025-09-11,SKU050,1,32,31.682240563083123,31.0,33.5,2025-09-11,2025-09-17,7
2025-09-11,SKU050,2,31,31.97711133269001,31.0,33.5,2025-09-18,2025-09-24,7
2025-09-11,SKU050,3,35,32.27040991442832,31.0,33.5,2025-09-25,2025-10-01,7
2025-09-11,SKU050,4,40,32.686358778672044,31.0,33.5,2025-10-02,2025-10-08,7
2025-09-11,SKU050,5,30,32.489462315784515,31.0,33.5,2025-10-09,2025-10-15,7
2025-09-11,SKU050,6,41,33.007175815858275,31.0,33.5,2025-10-16,2025-10-22,7
2025-09-11,SKU050,7,26,33.40280023777612,31.0,33.5,2025-10-23,2025-10-29,7
2025-09-11,SKU050,8,37,35.39799583769217,31.0,33.5,2025-10-30,2025-11-05,7
2025-11-06,SKU001,1,90,82.50224148664572,89.0,82.5,2025-11-06,2025-11-12,7
2025-11-06,SKU001,2,88,84.59705416492203,89.0,82.5,2025-11-13,2025-11-19,7
2025-11-06,SKU001,3,87,84.0887280506857,89.0,82.5,2025-11-20,2025-11-26,7
2025-11-06,SKU001,4,80,83.20212595824817,89.0,82.5,2025-11-27,2025-12-03,7
2025-11-06,SKU001,5,95,86.72567076545351,89.0,82.5,2025-12-04,2025-12-10,7
2025-11-06,SKU001,6,94,87.34770219805281,89.0,82.5,2025-12-11,2025-12-17,7
2025-11-06,SKU001,7,87,87.70929651537823,89.0,82.5,2025-12-18,2025-12-24,7
2025-11-06,SKU001,8,77,90.22428231983992,89.0,82.5,2025-12-25,2025-12-31,7
2025-11-06,SKU002,1,71,58.01575712476548,69.0,60.0,2025-11-06,2025-11-12,7
2025-11-06,SKU002,2,66,58.62386854661441,69.0,60.0,2025-11-13,2025-11-19,7
2025-11-06,SKU002,3,62,58.76425756181246,69.0,60.0,2025-11-20,2025-11-26,7
2025-11-06,SKU002,4,63,57.51761831286178,69.0,60.0,2025-11-27,2025-12-03,7
2025-11-06,SKU002,5,45,60.40173235556642,69.0,60.0,2025-12-04,2025-12-10,7
2025-11-06,SKU002,6,59,61.86137144050241,69.0,60.0,2025-12-11,2025-12-17,7
2025-11-06,SKU002,7,52,62.077792634074044,69.0,60.0,2025-12-18,2025-12-24,7
2025-11-06,SKU002,8,59,65.20731269131684,69.0,60.0,2025-12-25,2025-12-31,7
2025-11-06,SKU003,1,38,33.49009799888893,35.0,33.25,2025-11-06,2025-11-12,7
2025-11-06,SKU003,2,42,33.56759929651481,35.0,33.25,2025-11-13,2025-11-19,7
2025-11-06,SKU003,3,39,33.406084087326064,35.0,33.25,2025-11-20,2025-11-26,7
2025-11-06,SKU003,4,33,33.01567448932494,35.0,33.25,2025-11-27,2025-12-03,7
2025-11-06,SKU003,5,31,34.86672808097552,35.0,33.25,2025-12-04,2025-12-10,7
2025-11-06,SKU003,6,33,35.08813409305804,35.0,33.25,2025-12-11,2025-12-17,7
2025-11-06,SKU003,7,23,34.8461333232407,35.0,33.25,2025-12-18,2025-12-24,7
2025-11-06,SKU003,8,40,35.81496335801817,35.0,33.25,2025-12-25,2025-12-31,7
2025-11-06,SKU004,1,28,26.61574884317458,27.0,28.0,2025-11-06,2025-11-12,7
2025-11-06,SKU004,2,31,25.958674710487955,27.0,28.0,2025-11-13,2025-11-19,7
2025-11-06,SKU004,3,22,26.670369307959884,27.0,28.0,2025-11-20,2025-11-26,7
2025-11-06,SKU004,4,25,25.16233320587673,27.0,28.0,2025-11-27,2025-12-03,7
2025-11-06,SKU004,5,33,26.54557892602286,27.0,28.0,2025-12-04,2025-12-10,7
2025-11-06,SKU004,6,43,27.587132405177933,27.0,28.0,2025-12-11,2025-12-17,7
2025-11-06,SKU004,7,35,27.460099200434186,27.0,28.0,2025-12-18,2025-12-24,7
2025-11-06,SKU004,8,21,28.335893806166368,27.0,28.0,2025-12-25,2025-12-31,7
2025-11-06,SKU005,1,100,102.86757522540874,109.0,105.5,2025-11-06,2025-11-12,7
2025-11-06,SKU005,2,109,104.16015336371828,109.0,105.5,2025-11-13,2025-11-19,7
2025-11-06,SKU005,3,114,104.6425491594372,109.0,105.5,2025-11-20,2025-11-26,7
2025-11-06,SKU005,4,104,101.72097067995864,109.0,105.5,2025-11-27,2025-12-03,7
2025-11-06,SKU005,5,95,107.94562961180371,109.0,105.5,2025-12-04,2025-12-10,7
2025-11-06,SKU005,6,99,110.19094379987735,109.0,105.5,2025-12-11,2025-12-17,7
2025-11-06,SKU005,7,108,111.56005497849112,109.0,105.5,2025-12-18,2025-12-24,7
2025-11-06,SKU005,8,110,111.75872629341823,109.0,105.5,2025-12-25,2025-12-31,7
2025-11-06,SKU006,1,36,35.79103755872751,42.0,34.0,2025-11-06,2025-11-12,7
2025-11-06,SKU006,2,34,35.23169838184933,42.0,34.0,2025-11-13,2025-11-19,7
2025-11-06,SKU006,3,42,35.250820304860326,42.0,34.0,2025-11-20,2025-11-26,7
2025-11-06,SKU006,4,44,35.220996743930534,42.0,34.0,2025-11-27,2025-12-03,7
2025-11-06,SKU006,5,37,37.37590216174068,42.0,34.0,2025-12-04,2025-12-10,7
2025-11-06,SKU006,6,41,37.93803318677927,42.0,34.0,2025-12-11,2025-12-17,7
2025-11-06,SKU006,7,45,37.85832281751916,42.0,34.0,2025-12-18,2025-12-24,7
2025-11-06,SKU006,8,42,39.45146678968391,42.0,34.0,2025-12-25,2025-12-31,7
2025-11-06,SKU007,1,129,149.4736234505103,158.0,147.0,2025-11-06,2025-11-12,7
2025-11-06,SKU007,2,148,150.78239446754336,158.0,147.0,2025-11-13,2025-11-19,7
2025-11-06,SKU007,3,163,147.0706122537142,158.0,147.0,2025-11-20,2025-11-26,7
2025-11-06,SKU007,4,166,151.48395357032618,158.0,147.0,2025-11-27,2025-12-03,7
2025-11-06,SKU007,5,144,160.49375171178644,158.0,147.0,2025-12-04,2025-12-10,7
2025-11-06,SKU007,6,160,159.64010199172748,158.0,147.0,2025-12-11,2025-12-17,7
2025-11-06,SKU007,7,162,163.2469967460987,158.0,147.0,2025-12-18,2025-12-24,7
2025-11-06,SKU007,8,154,161.14667280511645,158.0,147.0,2025-12-25,2025-12-31,7
2025-11-06,SKU008,1,97,96.88486959696266,114.0,100.25,2025-11-06,2025-11-12,7
2025-11-06,SKU008,2,101,93.4823772065231,114.0,100.25,2025-11-13,2025-11-19,7
2025-11-06,SKU008,3,101,92.91579101873283,114.0,100.25,2025-11-20,2025-11-26,7
2025-11-06,SKU008,4,111,92.18782006931951,114.0,100.25,2025-11-27,2025-12-03,7
2025-11-06,SKU008,5,103,95.99645300747873,114.0,100.25,2025-12-04,2025-12-10,7
2025-11-06,SKU008,6,110,96.02278937266945,114.0,100.25,2025-12-11,2025-12-17,7
2025-11-06,SKU008,7,91,95.28305776089877,114.0,100.25,2025-12-18,2025-12-24,7
2025-11-06,SKU008,8,103,96.20528189348843,114.0,100.25,2025-12-25,2025-12-31,7
2025-11-06,SKU009,1,55,61.8158996360686,81.0,62.0,2025-11-06,2025-11-12,7
2025-11-06,SKU009,2,61,61.62689872248943,81.0,62.0,2025-11-13,2025-11-19,7
2025-11-06,SKU009,3,63,61.89602838209095,81.0,62.0,2025-11-20,2025-11-26,7
2025-11-06,SKU009,4,65,61.3439209183159,81.0,62.0,2025-11-27,2025-12-03,7
2025-11-06,SKU009,5,82,63.75042707038096,81.0,62.0,2025-12-04,2025-12-10,7
2025-11-06,SKU009,6,82,65.5269193457876,81.0,62.0,2025-12-11,2025-12-17,7
2025-11-06,SKU009,7,68,65.97648099000799,81.0,62.0,2025-12-18,2025-12-24,7
2025-11-06,SKU009,8,69,68.08099925470903,81.0,62.0,2025-12-25,2025-12-31,7
2025-11-06,SKU010,1,90,97.72643049963986,100.0,95.5,2025-11-06,2025-11-12,7
2025-11-06,SKU010,2,112,97.47960612766282,100.0,95.5,2025-11-13,2025-11-19,7
2025-11-06,SKU010,3,97,97.3581721506455,100.0,95.5,2025-11-20,2025-11-26,7
2025-11-06,SKU010,4,112,95.6243054148023,100.0,95.5,2025-11-27,2025-12-03,7
2025-11-06,SKU010,5,125,100.91976829131666,100.0,95.5,2025-12-04,2025-12-10,7
2025-11-06,SKU010,6,101,101.881493901589,100.0,95.5,2025-12-11,2025-12-17,7
2025-11-06,SKU010,7,108,101.92309232932391,100.0,95.5,2025-12-18,2025-12-24,7
2025-11-06,SKU010,8,106,104.91742998045848,100.0,95.5,2025-12-25,2025-12-31,7
2025-11-06,SKU011,1,21,16.76023673531423,15.0,15.249999999999998,2025-11-06,2025-11-12,7
2025-11-06,SKU011,2,22,16.715280153417808,15.0,15.249999999999998,2025-11-13,2025-11-19,7
2025-11-06,SKU011,3,8,16.704757843575283,15.0,15.249999999999998,2025-11-20,2025-11-26,7
2025-11-06,SKU011,4,24,16.663224760200922,15.0,15.249999999999998,2025-11-27,2025-12-03,7
2025-11-06,SKU011,5,11,17.616704503581047,15.0,15.249999999999998,2025-12-04,2025-12-10,7
2025-11-06,SKU011,6,26,17.733271757349055,15.0,15.249999999999998,2025-12-11,2025-12-17,7
2025-11-06,SKU011,7,14,17.719526507791777,15.0,15.249999999999998,2025-12-18,2025-12-24,7
2025-11-06,SKU011,8,19,18.51171875732844,15.0,15.249999999999998,2025-12-25,2025-12-31,7
2025-11-06,SKU012,1,177,144.75212142320512,151.0,140.75,2025-11-06,2025-11-12,7
2025-11-06,SKU012,2,130,141.3631794766382,151.0,140.75,2025-11-13,2025-11-19,7
2025-11-06,SKU012,3,172,143.08626273503992,151.0,140.75,2025-11-20,2025-11-26,7
2025-11-06,SKU012,4,168,144.891745446962,151.0,140.75,2025-11-27,2025-12-03,7
2025-11-06,SKU012,5,160,157.9198346404799,151.0,140.75,2025-12-04,2025-12-10,7
2025-11-06,SKU012,6,158,165.52045954744935,151.0,140.75,2025-12-11,2025-12-17,7
2025-11-06,SKU012,7,167,168.3452555868205,151.0,140.75,2025-12-18,2025-12-24,7
2025-11-06,SKU012,8,161,170.15016394916455,151.0,140.75,2025-12-25,2025-12-31,7
2025-11-06,SKU013,1,92,74.92460954643468,84.0,71.0,2025-11-06,2025-11-12,7
2025-11-06,SKU013,2,82,77.49170248758186,84.0,71.0,2025-11-13,2025-11-19,7
2025-11-06,SKU013,3,96,79.65106523315688,84.0,71.0,2025-11-20,2025-11-26,7
2025-11-06,SKU013,4,76,79.62129706240509,84.0,71.0,2025-11-27,2025-12-03,7
2025-11-06,SKU013,5,90,83.5452298522646,84.0,71.0,2025-12-04,2025-12-10,7
2025-11-06,SKU013,6,112,84.19399846756872,84.0,71.0,2025-12-11,2025-12-17,7
2025-11-06,SKU013,7,80,84.46375141564792,84.0,71.0,2025-12-18,2025-12-24,7
2025-11-06,SKU013,8,70,87.94134521496547,84.0,71.0,2025-12-25,2025-12-31,7
2025-11-06,SKU014,1,120,123.93145814386783,117.0,123.00000000000001,2025-11-06,2025-11-12,7
2025-11-06,SKU014,2,138,126.62873259813615,117.0,123.00000000000001,2025-11-13,2025-11-19,7
2025-11-06,SKU014,3,130,127.48956027000607,117.0,123.00000000000001,2025-11-20,2025-11-26,7
2025-11-06,SKU014,4,144,127.34441694930207,117.0,123.00000000000001,2025-11-27,2025-12-03,7
2025-11-06,SKU014,5,122,137.52957945167455,117.0,123.00000000000001,2025-12-04,2025-12-10,7
2025-11-06,SKU014,6,139,136.3510912785727,117.0,123.00000000000001,2025-12-11,2025-12-17,7
2025-11-06,SKU014,7,125,139.17579577087895,117.0,123.00000000000001,2025-12-18,2025-12-24,7
2025-11-06,SKU014,8,117,141.10662730760464,117.0,123.00000000000001,2025-12-25,2025-12-31,7
2025-11-06,SKU015,1,19,19.6248979646183,13.0,17.25,2025-11-06,2025-11-12,7
2025-11-06,SKU015,2,29,19.69398718196529,13.0,17.25,2025-11-13,2025-11-19,7
2025-11-06,SKU015,3,18,19.66235116447903,13.0,17.25,2025-11-20,2025-11-26,7
2025-11-06,SKU015,4,33,19.229428585648307,13.0,17.25,2025-11-27,2025-12-03,7
2025-11-06,SKU015,5,25,20.81511473436484,13.0,17.25,2025-12-04,2025-12-10,7
2025-11-06,SKU015,6,27,20.973352545221697,13.0,17.25,2025-12-11,2025-12-17,7
2025-11-06,SKU015,7,22,20.912822663432465,13.0,17.25,2025-12-18,2025-12-24,7
2025-11-06,SKU015,8,25,22.079432702087953,13.0,17.25,2025-12-25,2025-12-31,7
2025-11-06,SKU016,1,92,82.24213281415423,104.0,88.0,2025-11-06,2025-11-12,7
2025-11-06,SKU016,2,89,85.15923289417682,104.0,88.0,2025-11-13,2025-11-19,7
2025-11-06,SKU016,3,76,84.91858737700966,104.0,88.0,2025-11-20,2025-11-26,7
2025-11-06,SKU016,4,70,84.66072304182944,104.0,88.0,2025-11-27,2025-12-03,7
2025-11-06,SKU016,5,84,85.71794709689743,104.0,88.0,2025-12-04,2025-12-10,7
2025-11-06,SKU016,6,67,85.73833457018982,104.0,88.0,2025-12-11,2025-12-17,7
2025-11-06,SKU016,7,93,86.44074899552828,104.0,88.0,2025-12-18,2025-12-24,7
2025-11-06,SKU016,8,98,87.16035210483419,104.0,88.0,2025-12-25,2025-12-31,7
2025-11-06,SKU017,1,94,80.16636210823518,87.0,78.75,2025-11-06,2025-11-12,7
2025-11-06,SKU017,2,87,80.533283953373,87.0,78.75,2025-11-13,2025-11-19,7
2025-11-06,SKU017,3,84,80.03762639821898,87.0,78.75,2025-11-20,2025-11-26,7
2025-11-06,SKU017,4,109,79.26298193916445,87.0,78.75,2025-11-27,2025-12-03,7
2025-11-06,SKU017,5,101,82.83063846003132,87.0,78.75,2025-12-04,2025-12-10,7
2025-11-06,SKU017,6,84,83.28091728941882,87.0,78.75,2025-12-11,2025-12-17,7
2025-11-06,SKU017,7,87,83.1460805088985,87.0,78.75,2025-12-18,2025-12-24,7
2025-11-06,SKU017,8,99,87.14223864852595,87.0,78.75,2025-12-25,2025-12-31,7
2025-11-06,SKU018,1,161,147.6579108714943,170.0,147.25,2025-11-06,2025-11-12,7
2025-11-06,SKU018,2,136,152.9737689796466,170.0,147.25,2025-11-13,2025-11-19,7
2025-11-06,SKU018,3,155,149.7221340997434,170.0,147.25,2025-11-20,2025-11-26,7
2025-11-06,SKU018,4,161,152.3278192646283,170.0,147.25,2025-11-27,2025-12-03,7
2025-11-06,SKU018,5,154,163.40445108656496,170.0,147.25,2025-12-04,2025-12-10,7
2025-11-06,SKU018,6,166,164.76755631225677,170.0,147.25,2025-12-11,2025-12-17,7
2025-11-06,SKU018,7,162,165.57943612774233,170.0,147.25,2025-12-18,2025-12-24,7
2025-11-06,SKU018,8,146,162.63364090356714,170.0,147.25,2025-12-25,2025-12-31,7
2025-11-06,SKU019,1,94,94.20195970016876,104.0,94.5,2025-11-06,2025-11-12,7
2025-11-06,SKU019,2,106,95.49407050320525,104.0,94.5,2025-11-13,2025-11-19,7
2025-11-06,SKU019,3,108,95.28282565592082,104.0,94.5,2025-11-20,2025-11-26,7
2025-11-06,SKU019,4,96,95.27308566496079,104.0,94.5,2025-11-27,2025-12-03,7
2025-11-06,SKU019,5,92,96.96794277724288,104.0,94.5,2025-12-04,2025-12-10,7
2025-11-06,SKU019,6,112,96.62795318920838,104.0,94.5,2025-12-11,2025-12-17,7
2025-11-06,SKU019,7,105,96.49660182287353,104.0,94.5,2025-12-18,2025-12-24,7
2025-11-06,SKU019,8,98,97.26507704289932,104.0,94.5,2025-12-25,2025-12-31,7
2025-11-06,SKU020,1,97,82.49205195335675,84.0,88.0,2025-11-06,2025-11-12,7
2025-11-06,SKU020,2,86,83.96977810686332,84.0,88.0,2025-11-13,2025-11-19,7
2025-11-06,SKU020,3,89,81.74728827882548,84.0,88.0,2025-11-20,2025-11-26,7
2025-11-06,SKU020,4,94,80.40301257726725,84.0,88.0,2025-11-27,2025-12-03,7
2025-11-06,SKU020,5,77,81.8332893859849,84.0,88.0,2025-12-04,2025-12-10,7
2025-11-06,SKU020,6,78,82.28625583579269,84.0,88.0,2025-12-11,2025-12-17,7
2025-11-06,SKU020,7,90,82.15509861485248,84.0,88.0,2025-12-18,2025-12-24,7
2025-11-06,SKU020,8,99,83.94134864031304,84.0,88.0,2025-12-25,2025-12-31,7
2025-11-06,SKU021,1,53,48.74363198739161,50.0,51.75,2025-11-06,2025-11-12,7
2025-11-06,SKU021,2,51,50.10593994831368,50.0,51.75,2025-11-13,2025-11-19,7
2025-11-06,SKU021,3,46,48.824831114937126,50.0,51.75,2025-11-20,2025-11-26,7
2025-11-06,SKU021,4,42,48.85846269468879,50.0,51.75,2025-11-27,2025-12-03,7
2025-11-06,SKU021,5,54,52.59203419236548,50.0,51.75,2025-12-04,2025-12-10,7
2025-11-06,SKU021,6,55,54.01100232472608,50.0,51.75,2025-12-11,2025-12-17,7
2025-11-06,SKU021,7,49,53.81123157788739,50.0,51.75,2025-12-18,2025-12-24,7
2025-11-06,SKU021,8,48,55.09281128782859,50.0,51.75,2025-12-25,2025-12-31,7
2025-11-06,SKU022,1,47,55.78818871196239,61.0,57.25,2025-11-06,2025-11-12,7
2025-11-06,SKU022,2,70,54.97962260604669,61.0,57.25,2025-11-13,2025-11-19,7
2025-11-06,SKU022,3,60,55.23993342133428,61.0,57.25,2025-11-20,2025-11-26,7
2025-11-06,SKU022,4,70,54.010882613388965,61.0,57.25,2025-11-27,2025-12-03,7
2025-11-06,SKU022,5,72,56.27143885465845,61.0,57.25,2025-12-04,2025-12-10,7
2025-11-06,SKU022,6,62,56.37055806634912,61.0,57.25,2025-12-11,2025-12-17,7
2025-11-06,SKU022,7,68,56.615287537935764,61.0,57.25,2025-12-18,2025-12-24,7
2025-11-06,SKU022,8,66,58.82060618899774,61.0,57.25,2025-12-25,2025-12-31,7
2025-11-06,SKU023,1,85,85.41663005619708,95.0,82.0,2025-11-06,2025-11-12,7
2025-11-06,SKU023,2,85,87.01921962613837,95.0,82.0,2025-11-13,2025-11-19,7
2025-11-06,SKU023,3,92,86.94860125336011,95.0,82.0,2025-11-20,2025-11-26,7
2025-11-06,SKU023,4,91,88.42713171971425,95.0,82.0,2025-11-27,2025-12-03,7
2025-11-06,SKU023,5,106,90.07758033076792,95.0,82.0,2025-12-04,2025-12-10,7
2025-11-06,SKU023,6,83,89.40521523579976,95.0,82.0,2025-12-11,2025-12-17,7
2025-11-06,SKU023,7,114,89.25903698091825,95.0,82.0,2025-12-18,2025-12-24,7
2025-11-06,SKU023,8,90,90.71997710969899,95.0,82.0,2025-12-25,2025-12-31,7
2025-11-06,SKU024,1,81,76.47605517000508,84.0,77.25,2025-11-06,2025-11-12,7
2025-11-06,SKU024,2,85,77.32319516043891,84.0,77.25,2025-11-13,2025-11-19,7
2025-11-06,SKU024,3,72,76.3185925990758,84.0,77.25,2025-11-20,2025-11-26,7
2025-11-06,SKU024,4,91,73.9213789999674,84.0,77.25,2025-11-27,2025-12-03,7
2025-11-06,SKU024,5,75,80.0674138980784,84.0,77.25,2025-12-04,2025-12-10,7
2025-11-06,SKU024,6,82,81.26320888992178,84.0,77.25,2025-12-11,2025-12-17,7
2025-11-06,SKU024,7,83,80.6863495891206,84.0,77.25,2025-12-18,2025-12-24,7
2025-11-06,SKU024,8,69,82.48147729899324,84.0,77.25,2025-12-25,2025-12-31,7
2025-11-06,SKU025,1,14,17.671796443023343,25.0,18.0,2025-11-06,2025-11-12,7
2025-11-06,SKU025,2,15,17.51634860525887,25.0,18.0,2025-11-13,2025-11-19,7
2025-11-06,SKU025,3,11,17.328910650068796,25.0,18.0,2025-11-20,2025-11-26,7
2025-11-06,SKU025,4,10,16.782740045094126,25.0,18.0,2025-11-27,2025-12-03,7
2025-11-06,SKU025,5,18,18.60336246010941,25.0,18.0,2025-12-04,2025-12-10,7
2025-11-06,SKU025,6,15,18.692320302152527,25.0,18.0,2025-12-11,2025-12-17,7
2025-11-06,SKU025,7,13,18.58183794119094,25.0,18.0,2025-12-18,2025-12-24,7
2025-11-06,SKU025,8,18,19.17689433977131,25.0,18.0,2025-12-25,2025-12-31,7
2025-11-06,SKU026,1,131,129.29030056297657,131.0,134.0,2025-11-06,2025-11-12,7
2025-11-06,SKU026,2,124,133.99993236282134,131.0,134.0,2025-11-13,2025-11-19,7
2025-11-06,SKU026,3,120,135.21735368369326,131.0,134.0,2025-11-20,2025-11-26,7
2025-11-06,SKU026,4,158,136.14977642271424,131.0,134.0,2025-11-27,2025-12-03,7
2025-11-06,SKU026,5,142,145.20670503371522,131.0,134.0,2025-12-04,2025-12-10,7
2025-11-06,SKU026,6,140,145.079015997834,131.0,134.0,2025-12-11,2025-12-17,7
2025-11-06,SKU026,7,153,144.55950301496102,131.0,134.0,2025-12-18,2025-12-24,7
2025-11-06,SKU026,8,129,148.36326626291367,131.0,134.0,2025-12-25,2025-12-31,7
2025-11-06,SKU027,1,152,131.2594837395848,122.0,131.0,2025-11-06,2025-11-12,7
2025-11-06,SKU027,2,171,134.90292432816145,122.0,131.0,2025-11-13,2025-11-19,7
2025-11-06,SKU027,3,148,137.3244384336203,122.0,131.0,2025-11-20,2025-11-26,7
2025-11-06,SKU027,4,164,137.16809074257947,122.0,131.0,2025-11-27,2025-12-03,7
2025-11-06,SKU027,5,150,147.43580266660234,122.0,131.0,2025-12-04,2025-12-10,7
2025-11-06,SKU027,6,175,149.9735964067508,122.0,131.0,2025-12-11,2025-12-17,7
2025-11-06,SKU027,7,178,152.73672647942294,122.0,131.0,2025-12-18,2025-12-24,7
2025-11-06,SKU027,8,142,164.2271891760294,122.0,131.0,2025-12-25,2025-12-31,7
2025-11-06,SKU028,1,36,31.307344291161414,31.0,30.750000000000004,2025-11-06,2025-11-12,7
2025-11-06,SKU028,2,39,31.183528231862987,31.0,30.750000000000004,2025-11-13,2025-11-19,7
2025-11-06,SKU028,3,38,31.16139867071373,31.0,30.750000000000004,2025-11-20,2025-11-26,7
2025-11-06,SKU028,4,39,30.959608418547198,31.0,30.750000000000004,2025-11-27,2025-12-03,7
2025-11-06,SKU028,5,30,33.63775284807035,31.0,30.750000000000004,2025-12-04,2025-12-10,7
2025-11-06,SKU028,6,28,34.90260130097933,31.0,30.750000000000004,2025-12-11,2025-12-17,7
2025-11-06,SKU028,7,24,36.21040246410024,31.0,30.750000000000004,2025-12-18,2025-12-24,7
2025-11-06,SKU028,8,30,38.13627489767856,31.0,30.750000000000004,2025-12-25,2025-12-31,7
2025-11-06,SKU029,1,94,92.28903544091997,98.0,93.0,2025-11-06,2025-11-12,7
2025-11-06,SKU029,2,97,92.75570901069759,98.0,93.0,2025-11-13,2025-11-19,7
2025-11-06,SKU029,3,105,91.59429549061949,98.0,93.0,2025-11-20,2025-11-26,7
2025-11-06,SKU029,4,78,90.3298022229436,98.0,93.0,2025-11-27,2025-12-03,7
2025-11-06,SKU029,5,108,95.18985676840974,98.0,93.0,2025-12-04,2025-12-10,7
2025-11-06,SKU029,6,116,95.53468874277023,98.0,93.0,2025-12-11,2025-12-17,7
2025-11-06,SKU029,7,103,96.02262016619159,98.0,93.0,2025-12-18,2025-12-24,7
2025-11-06,SKU029,8,88,97.10421014116665,98.0,93.0,2025-12-25,2025-12-31,7
2025-11-06,SKU030,1,22,29.153454286750925,34.0,29.75,2025-11-06,2025-11-12,7
2025-11-06,SKU030,2,36,28.175027235917916,34.0,29.75,2025-11-13,2025-11-19,7
2025-11-06,SKU030,3,26,27.936164067328605,34.0,29.75,2025-11-20,2025-11-26,7
2025-11-06,SKU030,4,30,28.57888468205878,34.0,29.75,2025-11-27,2025-12-03,7
2025-11-06,SKU030,5,32,28.968364695671116,34.0,29.75,2025-12-04,2025-12-10,7
2025-11-06,SKU030,6,31,29.365650020439727,34.0,29.75,2025-12-11,2025-12-17,7
2025-11-06,SKU030,7,26,30.62704960276735,34.0,29.75,2025-12-18,2025-12-24,7
2025-11-06,SKU030,8,30,31.55034881342906,34.0,29.75,2025-12-25,2025-12-31,7
2025-11-06,SKU031,1,113,109.90977122836584,108.0,110.75,2025-11-06,2025-11-12,7
2025-11-06,SKU031,2,129,114.02122672876251,108.0,110.75,2025-11-13,2025-11-19,7
2025-11-06,SKU031,3,110,113.13042668507543,108.0,110.75,2025-11-20,2025-11-26,7
2025-11-06,SKU031,4,105,112.19652020826837,108.0,110.75,2025-11-27,2025-12-03,7
2025-11-06,SKU031,5,96,116.74298043844209,108.0,110.75,2025-12-04,2025-12-10,7
2025-11-06,SKU031,6,122,118.22411934327786,108.0,110.75,2025-12-11,2025-12-17,7
2025-11-06,SKU031,7,110,116.98461075630719,108.0,110.75,2025-12-18,2025-12-24,7
2025-11-06,SKU031,8,111,118.98162064129082,108.0,110.75,2025-12-25,2025-12-31,7
2025-11-06,SKU032,1,59,52.191152424127935,58.0,54.0,2025-11-06,2025-11-12,7
2025-11-06,SKU032,2,61,54.70877330165949,58.0,54.0,2025-11-13,2025-11-19,7
2025-11-06,SKU032,3,54,53.82611975800977,58.0,54.0,2025-11-20,2025-11-26,7
2025-11-06,SKU032,4,64,51.74538176796738,58.0,54.0,2025-11-27,2025-12-03,7
2025-11-06,SKU032,5,54,55.495263661482355,58.0,54.0,2025-12-04,2025-12-10,7
2025-11-06,SKU032,6,63,56.22349002108015,58.0,54.0,2025-12-11,2025-12-17,7
2025-11-06,SKU032,7,56,56.04946428962226,58.0,54.0,2025-12-18,2025-12-24,7
2025-11-06,SKU032,8,63,58.2149115756171,58.0,54.0,2025-12-25,2025-12-31,7
2025-11-06,SKU033,1,119,99.89264064467186,92.0,97.25,2025-11-06,2025-11-12,7
2025-11-06,SKU033,2,110,100.86590092150048,92.0,97.25,2025-11-13,2025-11-19,7
2025-11-06,SKU033,3,120,102.61135231070332,92.0,97.25,2025-11-20,2025-11-26,7
2025-11-06,SKU033,4,132,103.26087262960127,92.0,97.25,2025-11-27,2025-12-03,7
2025-11-06,SKU033,5,108,111.15391434125895,92.0,97.25,2025-12-04,2025-12-10,7
2025-11-06,SKU033,6,110,116.92647218224116,92.0,97.25,2025-12-11,2025-12-17,7
2025-11-06,SKU033,7,103,117.05116989928496,92.0,97.25,2025-12-18,2025-12-24,7
2025-11-06,SKU033,8,106,116.40983854235793,92.0,97.25,2025-12-25,2025-12-31,7
2025-11-06,SKU034,1,130,112.18186811914782,125.0,110.75,2025-11-06,2025-11-12,7
2025-11-06,SKU034,2,110,113.2116755581632,125.0,110.75,2025-11-13,2025-11-19,7
2025-11-06,SKU034,3,142,112.74401283517662,125.0,110.75,2025-11-20,2025-11-26,7
2025-11-06,SKU034,4,138,112.99604859539114,125.0,110.75,2025-11-27,2025-12-03,7
2025-11-06,SKU034,5,133,118.4388051052855,125.0,110.75,2025-12-04,2025-12-10,7
2025-11-06,SKU034,6,117,119.29963525284654,125.0,110.75,2025-12-11,2025-12-17,7
2025-11-06,SKU034,7,124,119.68054724173457,125.0,110.75,2025-12-18,2025-12-24,7
2025-11-06,SKU034,8,118,121.81783132454436,125.0,110.75,2025-12-25,2025-12-31,7
2025-11-06,SKU035,1,124,121.22956940507441,109.0,121.5,2025-11-06,2025-11-12,7
2025-11-06,SKU035,2,125,121.22656414115163,109.0,121.5,2025-11-13,2025-11-19,7
2025-11-06,SKU035,3,133,117.78041642584641,109.0,121.5,2025-11-20,2025-11-26,7
2025-11-06,SKU035,4,128,117.22522366584639,109.0,121.5,2025-11-27,2025-12-03,7
2025-11-06,SKU035,5,134,127.60088171873002,109.0,121.5,2025-12-04,2025-12-10,7
2025-11-06,SKU035,6,134,132.25442215892636,109.0,121.5,2025-12-11,2025-12-17,7
2025-11-06,SKU035,7,132,132.8428677873086,109.0,121.5,2025-12-18,2025-12-24,7
2025-11-06,SKU035,8,125,135.6638366003745,109.0,121.5,2025-12-25,2025-12-31,7
2025-11-06,SKU036,1,31,25.473459291834907,28.0,26.0,2025-11-06,2025-11-12,7
2025-11-06,SKU036,2,24,28.58220781394502,28.0,26.0,2025-11-13,2025-11-19,7
2025-11-06,SKU036,3,40,26.098734126691205,28.0,26.0,2025-11-20,2025-11-26,7
2025-11-06,SKU036,4,27,25.05745717208402,28.0,26.0,2025-11-27,2025-12-03,7
2025-11-06,SKU036,5,31,26.432634752970884,28.0,26.0,2025-12-04,2025-12-10,7
2025-11-06,SKU036,6,33,27.445326831886447,28.0,26.0,2025-12-11,2025-12-17,7
2025-11-06,SKU036,7,32,27.572876302619868,28.0,26.0,2025-12-18,2025-12-24,7
2025-11-06,SKU036,8,27,29.011341016294637,28.0,26.0,2025-12-25,2025-12-31,7
2025-11-06,SKU037,1,167,149.22987148487718,155.0,145.75,2025-11-06,2025-11-12,7
2025-11-06,SKU037,2,151,151.39503371389608,155.0,145.75,2025-11-13,2025-11-19,7
2025-11-06,SKU037,3,155,148.83811263235188,155.0,145.75,2025-11-20,2025-11-26,7
2025-11-06,SKU037,4,155,149.85891001367,155.0,145.75,2025-11-27,2025-12-03,7
2025-11-06,SKU037,5,146,162.49425975178315,155.0,145.75,2025-12-04,2025-12-10,7
2025-11-06,SKU037,6,134,164.0157786934213,155.0,145.75,2025-12-11,2025-12-17,7
2025-11-06,SKU037,7,151,164.4688569673046,155.0,145.75,2025-12-18,2025-12-24,7
2025-11-06,SKU037,8,150,160.62047680423518,155.0,145.75,2025-12-25,2025-12-31,7
2025-11-06,SKU038,1,52,41.96407164490293,36.0,42.75,2025-11-06,2025-11-12,7
2025-11-06,SKU038,2,48,41.92189246412856,36.0,42.75,2025-11-13,2025-11-19,7
2025-11-06,SKU038,3,63,41.720836869350165,36.0,42.75,2025-11-20,2025-11-26,7
2025-11-06,SKU038,4,54,40.6326536712753,36.0,42.75,2025-11-27,2025-12-03,7
2025-11-06,SKU038,5,49,43.62407427129122,36.0,42.75,2025-12-04,2025-12-10,7
2025-11-06,SKU038,6,40,44.648924054683924,36.0,42.75,2025-12-11,2025-12-17,7
2025-11-06,SKU038,7,60,46.168328478117566,36.0,42.75,2025-12-18,2025-12-24,7
2025-11-06,SKU038,8,60,46.89862359727408,36.0,42.75,2025-12-25,2025-12-31,7
2025-11-06,SKU039,1,18,18.011466572050015,20.0,19.0,2025-11-06,2025-11-12,7
2025-11-06,SKU039,2,22,18.026176759568383,20.0,19.0,2025-11-13,2025-11-19,7
2025-11-06,SKU039,3,11,17.836544059500625,20.0,19.0,2025-11-20,2025-11-26,7
2025-11-06,SKU039,4,26,17.507016619486457,20.0,19.0,2025-11-27,2025-12-03,7
2025-11-06,SKU039,5,14,18.704627911356408,20.0,19.0,2025-12-04,2025-12-10,7
2025-11-06,SKU039,6,14,18.79881929367786,20.0,19.0,2025-12-11,2025-12-17,7
2025-11-06,SKU039,7,18,18.698680769327257,20.0,19.0,2025-12-18,2025-12-24,7
2025-11-06,SKU039,8,22,19.737379766736243,20.0,19.0,2025-12-25,2025-12-31,7
2025-11-06,SKU040,1,89,90.85785240634378,96.0,87.5,2025-11-06,2025-11-12,7
2025-11-06,SKU040,2,97,91.07784772684404,96.0,87.5,2025-11-13,2025-11-19,7
2025-11-06,SKU040,3,78,91.26728157772258,96.0,87.5,2025-11-20,2025-11-26,7
2025-11-06,SKU040,4,93,91.0670047224936,96.0,87.5,2025-11-27,2025-12-03,7
2025-11-06,SKU040,5,97,94.9491250422561,96.0,87.5,2025-12-04,2025-12-10,7
2025-11-06,SKU040,6,106,96.12258528146252,96.0,87.5,2025-12-11,2025-12-17,7
2025-11-06,SKU040,7,103,96.59929706418062,96.0,87.5,2025-12-18,2025-12-24,7
2025-11-06,SKU040,8,58,98.51672506709015,96.0,87.5,2025-12-25,2025-12-31,7
2025-11-06,SKU041,1,81,59.671214136567286,74.0,58.5,2025-11-06,2025-11-12,7
2025-11-06,SKU041,2,62,59.24213532084754,74.0,58.5,2025-11-13,2025-11-19,7
2025-11-06,SKU041,3,64,59.6226243555424,74.0,58.5,2025-11-20,2025-11-26,7
2025-11-06,SKU041,4,83,60.09302111278207,74.0,58.5,2025-11-27,2025-12-03,7
2025-11-06,SKU041,5,68,63.107786376421124,74.0,58.5,2025-12-04,2025-12-10,7
2025-11-06,SKU041,6,70,65.39447431587915,74.0,58.5,2025-12-11,2025-12-17,7
2025-11-06,SKU041,7,74,65.68012576761426,74.0,58.5,2025-12-18,2025-12-24,7
2025-11-06,SKU041,8,64,68.78336697103173,74.0,58.5,2025-12-25,2025-12-31,7
2025-11-06,SKU042,1,129,128.15768701771623,139.0,129.75,2025-11-06,2025-11-12,7
2025-11-06,SKU042,2,136,130.23838846182292,139.0,129.75,2025-11-13,2025-11-19,7
2025-11-06,SKU042,3,132,131.26722066108704,139.0,129.75,2025-11-20,2025-11-26,7
2025-11-06,SKU042,4,152,133.04626744540897,139.0,129.75,2025-11-27,2025-12-03,7
2025-11-06,SKU042,5,147,141.4051435200917,139.0,129.75,2025-12-04,2025-12-10,7
2025-11-06,SKU042,6,133,140.8464357225397,139.0,129.75,2025-12-11,2025-12-17,7
2025-11-06,SKU042,7,170,141.28590649782373,139.0,129.75,2025-12-18,2025-12-24,7
2025-11-06,SKU042,8,144,143.93399845484487,139.0,129.75,2025-12-25,2025-12-31,7
2025-11-06,SKU043,1,149,126.96088813627419,149.0,129.75,2025-11-06,2025-11-12,7
2025-11-06,SKU043,2,144,133.06133141196239,149.0,129.75,2025-11-13,2025-11-19,7
2025-11-06,SKU043,3,123,134.38334181406262,149.0,129.75,2025-11-20,2025-11-26,7
2025-11-06,SKU043,4,133,136.58782925730452,149.0,129.75,2025-11-27,2025-12-03,7
2025-11-06,SKU043,5,125,141.1102858478417,149.0,129.75,2025-12-04,2025-12-10,7
2025-11-06,SKU043,6,134,140.44056564023802,149.0,129.75,2025-12-11,2025-12-17,7
2025-11-06,SKU043,7,123,140.46963605641287,149.0,129.75,2025-12-18,2025-12-24,7
2025-11-06,SKU043,8,162,141.10904486423996,149.0,129.75,2025-12-25,2025-12-31,7
2025-11-06,SKU044,1,50,53.48097239078423,65.0,54.25,2025-11-06,2025-11-12,7
2025-11-06,SKU044,2,52,54.97619295234582,65.0,54.25,2025-11-13,2025-11-19,7
2025-11-06,SKU044,3,54,53.97881364937349,65.0,54.25,2025-11-20,2025-11-26,7
2025-11-06,SKU044,4,62,53.907618791498706,65.0,54.25,2025-11-27,2025-12-03,7
2025-11-06,SKU044,5,46,55.17911574458922,65.0,54.25,2025-12-04,2025-12-10,7
2025-11-06,SKU044,6,66,55.69372238760619,65.0,54.25,2025-12-11,2025-12-17,7
2025-11-06,SKU044,7,53,56.07652853424425,65.0,54.25,2025-12-18,2025-12-24,7
2025-11-06,SKU044,8,58,57.740403017748505,65.0,54.25,2025-12-25,2025-12-31,7
2025-11-06,SKU045,1,159,137.60683507961022,136.0,134.75,2025-11-06,2025-11-12,7
2025-11-06,SKU045,2,145,144.2195250095639,136.0,134.75,2025-11-13,2025-11-19,7
2025-11-06,SKU045,3,162,142.29355763313444,136.0,134.75,2025-11-20,2025-11-26,7
2025-11-06,SKU045,4,172,144.22495145350123,136.0,134.75,2025-11-27,2025-12-03,7
2025-11-06,SKU045,5,165,157.2589135824477,136.0,134.75,2025-12-04,2025-12-10,7
2025-11-06,SKU045,6,138,165.6124812528095,136.0,134.75,2025-12-11,2025-12-17,7
2025-11-06,SKU045,7,123,170.23243383700367,136.0,134.75,2025-12-18,2025-12-24,7
2025-11-06,SKU045,8,164,169.14888421809013,136.0,134.75,2025-12-25,2025-12-31,7
2025-11-06,SKU046,1,50,51.8292487537887,51.0,51.0,2025-11-06,2025-11-12,7
2025-11-06,SKU046,2,66,52.247770970240154,51.0,51.0,2025-11-13,2025-11-19,7
2025-11-06,SKU046,3,45,51.02919714217727,51.0,51.0,2025-11-20,2025-11-26,7
2025-11-06,SKU046,4,52,50.536215310357655,51.0,51.0,2025-11-27,2025-12-03,7
2025-11-06,SKU046,5,62,54.29530344143349,51.0,51.0,2025-12-04,2025-12-10,7
2025-11-06,SKU046,6,65,55.23806827837649,51.0,51.0,2025-12-11,2025-12-17,7
2025-11-06,SKU046,7,58,55.656917481516,51.0,51.0,2025-12-18,2025-12-24,7
2025-11-06,SKU046,8,49,56.71724822160586,51.0,51.0,2025-12-25,2025-12-31,7
2025-11-06,SKU047,1,99,85.13038758024507,104.0,83.75,2025-11-06,2025-11-12,7
2025-11-06,SKU047,2,93,84.93301318605812,104.0,83.75,2025-11-13,2025-11-19,7
2025-11-06,SKU047,3,83,84.50933325921473,104.0,83.75,2025-11-20,2025-11-26,7
2025-11-06,SKU047,4,92,84.55313620638722,104.0,83.75,2025-11-27,2025-12-03,7
2025-11-06,SKU047,5,113,87.15900201879364,104.0,83.75,2025-12-04,2025-12-10,7
2025-11-06,SKU047,6,91,88.23856472288136,104.0,83.75,2025-12-11,2025-12-17,7
2025-11-06,SKU047,7,92,87.68531489225563,104.0,83.75,2025-12-18,2025-12-24,7
2025-11-06,SKU047,8,93,89.50118463382206,104.0,83.75,2025-12-25,2025-12-31,7
2025-11-06,SKU048,1,51,50.80996240441118,77.0,54.0,2025-11-06,2025-11-12,7
2025-11-06,SKU048,2,51,50.927114955407944,77.0,54.0,2025-11-13,2025-11-19,7
2025-11-06,SKU048,3,49,51.83991115125831,77.0,54.0,2025-11-20,2025-11-26,7
2025-11-06,SKU048,4,54,52.639851750234854,77.0,54.0,2025-11-27,2025-12-03,7
2025-11-06,SKU048,5,55,53.24030668661985,77.0,54.0,2025-12-04,2025-12-10,7
2025-11-06,SKU048,6,53,53.702446931990615,77.0,54.0,2025-12-11,2025-12-17,7
2025-11-06,SKU048,7,55,53.70631928256568,77.0,54.0,2025-12-18,2025-12-24,7
2025-11-06,SKU048,8,40,55.546563611919396,77.0,54.0,2025-12-25,2025-12-31,7
2025-11-06,SKU049,1,156,142.33089136949746,157.0,146.5,2025-11-06,2025-11-12,7
2025-11-06,SKU049,2,145,141.80180079482835,157.0,146.5,2025-11-13,2025-11-19,7
2025-11-06,SKU049,3,146,141.26291987521842,157.0,146.5,2025-11-20,2025-11-26,7
2025-11-06,SKU049,4,173,142.87898976131476,157.0,146.5,2025-11-27,2025-12-03,7
2025-11-06,SKU049,5,167,148.75343799079843,157.0,146.5,2025-12-04,2025-12-10,7
2025-11-06,SKU049,6,156,151.79111411231756,157.0,146.5,2025-12-11,2025-12-17,7
2025-11-06,SKU049,7,154,158.0817959263762,157.0,146.5,2025-12-18,2025-12-24,7
2025-11-06,SKU049,8,150,161.53513220215814,157.0,146.5,2025-12-25,2025-12-31,7
2025-11-06,SKU050,1,48,33.677907913790236,37.0,33.5,2025-11-06,2025-11-12,7
2025-11-06,SKU050,2,42,34.371810825671524,37.0,33.5,2025-11-13,2025-11-19,7
2025-11-06,SKU050,3,32,33.487771698281996,37.0,33.5,2025-11-20,2025-11-26,7
2025-11-06,SKU050,4,39,34.664515020604156,37.0,33.5,2025-11-27,2025-12-03,7
2025-11-06,SKU050,5,38,36.854444214958924,37.0,33.5,2025-12-04,2025-12-10,7
2025-11-06,SKU050,6,26,37.78035714901887,37.0,33.5,2025-12-11,2025-12-17,7
2025-11-06,SKU050,7,41,38.020340484061904,37.0,33.5,2025-12-18,2025-12-24,7
2025-11-06,SKU050,8,60,40.1082301252571,37.0,33.5,2025-12-25,2025-12-31,7
