origin,sku,week,forecast,baseline,moving_average,week_start,week_end,days,lower,upper
2026-01-01,SKU001,1,95.696321892738,77.0,88.25,2026-01-01,2026-01-07,7,78.08545282666319,113.30719095881281
2026-01-01,SKU001,2,95.0349516125824,77.0,88.25,2026-01-08,2026-01-14,7,77.42408254650759,112.64582067865722
2026-01-01,SKU001,3,95.242442389995,77.0,88.25,2026-01-15,2026-01-21,7,77.6315733239202,112.85331145606982
2026-01-01,SKU001,4,99.04548675554915,77.0,88.25,2026-01-22,2026-01-28,7,81.43461768947434,116.65635582162396
2026-01-01,SKU001,5,104.18746338263563,77.0,88.25,2026-01-29,2026-02-04,7,86.57659431656081,121.79833244871044
2026-01-01,SKU001,6,108.06786343943106,77.0,88.25,2026-02-05,2026-02-11,7,90.45699437335625,125.67873250550588
2026-01-01,SKU001,7,111.56715426398267,77.0,88.25,2026-02-12,2026-02-18,7,93.95628519790786,129.1780233300575
2026-01-01,SKU001,8,113.6282533828142,77.0,88.25,2026-02-19,2026-02-25,7,96.01738431673938,131.23912244888902
2026-01-01,SKU002,1,63.48577378314135,59.0,53.75,2026-01-01,2026-01-07,7,47.072936011394034,79.89861155488866
2026-01-01,SKU002,2,65.6615994422164,59.0,53.75,2026-01-08,2026-01-14,7,49.248761670469094,82.0744372139637
2026-01-01,SKU002,3,67.39841991707272,59.0,53.75,2026-01-15,2026-01-21,7,50.98558214532541,83.81125768882002
2026-01-01,SKU002,4,71.62527197547065,59.0,53.75,2026-01-22,2026-01-28,7,55.21243420372335,88.03810974721796
2026-01-01,SKU002,5,75.5466204182544,59.0,53.75,2026-01-29,2026-02-04,7,59.1337826465071,91.95945819000171
2026-01-01,SKU002,6,77.90579876777007,59.0,53.75,2026-02-05,2026-02-11,7,61.49296099602276,94.31863653951737
2026-01-01,SKU002,7,77.93764941790822,59.0,53.75,2026-02-12,2026-02-18,7,61.52481164616091,94.35048718965552
2026-01-01,SKU002,8,81.28800286993206,59.0,53.75,2026-02-19,2026-02-25,7,64.87516509818475,97.70084064167936
2026-01-01,SKU003,1,35.60686982335217,40.0,31.75,2026-01-01,2026-01-07,7,19.58093818380324,51.6328014629011
2026-01-01,SKU003,2,36.32233410402746,40.0,31.75,2026-01-08,2026-01-14,7,20.296402464478533,52.34826574357639
2026-01-01,SKU003,3,37.785272308895614,40.0,31.75,2026-01-15,2026-01-21,7,21.759340669346685,53.81120394844454
2026-01-01,SKU003,4,38.132738764802944,40.0,31.75,2026-01-22,2026-01-28,7,22.106807125254015,54.158670404351874
2026-01-01,SKU003,5,40.57270344828773,40.0,31.75,2026-01-29,2026-02-04,7,24.546771808738804,56.59863508783666
2026-01-01,SKU003,6,42.56850449208349,40.0,31.75,2026-02-05,2026-02-11,7,26.542572852534562,58.59443613163242
2026-01-01,SKU003,7,43.48267458699701,40.0,31.75,2026-02-12,2026-02-18,7,27.456742947448078,59.508606226545936
2026-01-01,SKU003,8,43.60369848285102,40.0,31.75,2026-02-19,2026-02-25,7,27.577766843302093,59.62963012239995
2026-01-01,SKU004,1,33.267900923442696,21.0,33.0,2026-01-01,2026-01-07,7,21.211152015459362,45.32464983142603
2026-01-01,SKU004,2,32.72093367015473,21.0,33.0,2026-01-08,2026-01-14,7,20.664184762171395,44.77768257813806
2026-01-01,SKU004,3,32.24895790727592,21.0,33.0,2026-01-15,2026-01-21,7,20.19220899929259,44.305706815259256
2026-01-01,SKU004,4,32.25764790461915,21.0,33.0,2026-01-22,2026-01-28,7,20.200898996635814,44.31439681260248
2026-01-01,SKU004,5,34.813532957795225,21.0,33.0,2026-01-29,2026-02-04,7,22.75678404981189,46.87028186577856
2026-01-01,SKU004,6,36.917917316484036,21.0,33.0,2026-02-05,2026-02-11,7,24.861168408500703,48.97466622446737
2026-01-01,SKU004,7,35.66956117270891,21.0,33.0,2026-02-12,2026-02-18,7,23.612812264725576,47.726310080692244
2026-01-01,SKU004,8,35.61936938230018,21.0,33.0,2026-02-19,2026-02-25,7,23.562620474316844,47.67611829028351
2026-01-01,SKU005,1,114.58571438011012,110.0,103.0,2026-01-01,2026-01-07,7,95.35268371583506,133.81874504438517
2026-01-01,SKU005,2,117.14789070997426,110.0,103.0,2026-01-08,2026-01-14,7,97.9148600456992,136.3809213742493
2026-01-01,SKU005,3,117.26980828027057,110.0,103.0,2026-01-15,2026-01-21,7,98.0367776159955,136.50283894454563
2026-01-01,SKU005,4,116.71929056511576,110.0,103.0,2026-01-22,2026-01-28,7,97.4862599008407,135.9523212293908
2026-01-01,SKU005,5,125.52637365608487,110.0,103.0,2026-01-29,2026-02-04,7,106.29334299180981,144.75940432035992
2026-01-01,SKU005,6,134.1892012993695,110.0,103.0,2026-02-05,2026-02-11,7,114.95617063509444,153.42223196364455
2026-01-01,SKU005,7,133.20297168849825,110.0,103.0,2026-02-12,2026-02-18,7,113.96994102422319,152.4360023527733
2026-01-01,SKU005,8,134.7748174672507,110.0,103.0,2026-02-19,2026-02-25,7,115.54178680297564,154.00784813152575
2026-01-01,SKU006,1,44.940767738906416,42.0,41.25,2026-01-01,2026-01-07,7,33.819224395574906,56.062311082237926
2026-01-01,SKU006,2,46.474456931197466,42.0,41.25,2026-01-08,2026-01-14,7,35.352913587865956,57.596000274528976
2026-01-01,SKU006,3,47.73201448060338,42.0,41.25,2026-01-15,2026-01-21,7,36.61047113727187,58.85355782393489
2026-01-01,SKU006,4,48.54487170120616,42.0,41.25,2026-01-22,2026-01-28,7,37.42332835787465,59.66641504453767
2026-01-01,SKU006,5,51.29990985859268,42.0,41.25,2026-01-29,2026-02-04,7,40.17836651526117,62.42145320192419
2026-01-01,SKU006,6,52.22450849582868,42.0,41.25,2026-02-05,2026-02-11,7,41.10296515249717,63.34605183916019
2026-01-01,SKU006,7,52.24781474707299,42.0,41.25,2026-02-12,2026-02-18,7,41.12627140374148,63.369358090404496
2026-01-01,SKU006,8,52.73773246387023,42.0,41.25,2026-02-19,2026-02-25,7,41.61618912053872,63.85927580720174
2026-01-01,SKU007,1,169.4994492154375,154.0,155.0,2026-01-01,2026-01-07,7,142.74473457224207,196.25416385863292
2026-01-01,SKU007,2,166.7342174572883,154.0,155.0,2026-01-08,2026-01-14,7,139.97950281409288,193.48893210048374
2026-01-01,SKU007,3,168.0871262665484,154.0,155.0,2026-01-15,2026-01-21,7,141.33241162335298,194.84184090974384
2026-01-01,SKU007,4,168.3720172278267,154.0,155.0,2026-01-22,2026-01-28,7,141.61730258463126,195.12673187102212
2026-01-01,SKU007,5,170.30086223364245,154.0,155.0,2026-01-29,2026-02-04,7,143.54614759044702,197.05557687683788
2026-01-01,SKU007,6,174.9640567159709,154.0,155.0,2026-02-05,2026-02-11,7,148.20934207277548,201.71877135916634
2026-01-01,SKU007,7,176.7771929359655,154.0,155.0,2026-02-12,2026-02-18,7,150.02247829277007,203.53190757916093
2026-01-01,SKU007,8,177.124310354679,154.0,155.0,2026-02-19,2026-02-25,7,150.36959571148358,203.87902499787444
2026-01-01,SKU008,1,111.55605729981758,103.0,101.75,2026-01-01,2026-01-07,7,90.05043615000503,133.06167844963014
2026-01-01,SKU008,2,112.19946988272292,103.0,101.75,2026-01-08,2026-01-14,7,90.69384873291037,133.70509103253548
2026-01-01,SKU008,3,113.63597377197794,103.0,101.75,2026-01-15,2026-01-21,7,92.13035262216539,135.1415949217905
2026-01-01,SKU008,4,112.88029578294386,103.0,101.75,2026-01-22,2026-01-28,7,91.3746746331313,134.3859169327564
2026-01-01,SKU008,5,120.33646310215892,103.0,101.75,2026-01-29,2026-02-04,7,98.83084195234636,141.84208425197147
2026-01-01,SKU008,6,123.9121378110054,103.0,101.75,2026-02-05,2026-02-11,7,102.40651666119284,145.41775896081793
2026-01-01,SKU008,7,122.02800734654619,103.0,101.75,2026-02-12,2026-02-18,7,100.52238619673363,143.53362849635874
2026-01-01,SKU008,8,121.56906496036136,103.0,101.75,2026-02-19,2026-02-25,7,100.0634438105488,143.0746861101739
2026-01-01,SKU009,1,75.88061193359287,69.0,75.25,2026-01-01,2026-01-07,7,55.51362209204997,96.24760177513578
2026-01-01,SKU009,2,74.8512379265524,69.0,75.25,2026-01-08,2026-01-14,7,54.4842480850095,95.2182277680953
2026-01-01,SKU009,3,75.20248490125985,69.0,75.25,2026-01-15,2026-01-21,7,54.83549505971695,95.56947474280275
2026-01-01,SKU009,4,75.77335628604077,69.0,75.25,2026-01-22,2026-01-28,7,55.40636644449786,96.14034612758367
2026-01-01,SKU009,5,81.78364232488684,69.0,75.25,2026-01-29,2026-02-04,7,61.41665248334394,102.15063216642974
2026-01-01,SKU009,6,84.27652312362972,69.0,75.25,2026-02-05,2026-02-11,7,63.90953328208681,104.64351296517262
2026-01-01,SKU009,7,82.41123162656285,69.0,75.25,2026-02-12,2026-02-18,7,62.04424178501995,102.77822146810576
2026-01-01,SKU009,8,82.95882732779842,69.0,75.25,2026-02-19,2026-02-25,7,62.591837486255514,103.32581716934132
2026-01-01,SKU010,1,116.31697202399079,106.0,110.0,2026-01-01,2026-01-07,7,94.08744086599506,138.5465031819865
2026-01-01,SKU010,2,116.39689854419188,106.0,110.0,2026-01-08,2026-01-14,7,94.16736738619616,138.6264297021876
2026-01-01,SKU010,3,115.52825227728357,106.0,110.0,2026-01-15,2026-01-21,7,93.29872111928785,137.7577834352793
2026-01-01,SKU010,4,114.42158502990527,106.0,110.0,2026-01-22,2026-01-28,7,92.19205387190954,136.651116187901
2026-01-01,SKU010,5,121.0394771348712,106.0,110.0,2026-01-29,2026-02-04,7,98.80994597687547,143.26900829286694
2026-01-01,SKU010,6,129.51096248179073,106.0,110.0,2026-02-05,2026-02-11,7,107.281431323795,151.74049363978645
2026-01-01,SKU010,7,131.5062727506513,106.0,110.0,2026-02-12,2026-02-18,7,109.27674159265558,153.73580390864703
2026-01-01,SKU010,8,132.70949545733816,106.0,110.0,2026-02-19,2026-02-25,7,110.47996429934244,154.9390266153339
2026-01-01,SKU011,1,18.613521075291533,19.0,17.5,2026-01-01,2026-01-07,7,7.257758332314264,29.969283818268803
2026-01-01,SKU011,2,19.38378427044848,19.0,17.5,2026-01-08,2026-01-14,7,8.02802152747121,30.73954701342575
2026-01-01,SKU011,3,19.682966052242776,19.0,17.5,2026-01-15,2026-01-21,7,8.327203309265506,31.038728795220045
2026-01-01,SKU011,4,19.863291797752137,19.0,17.5,2026-01-22,2026-01-28,7,8.507529054774867,31.219054540729406
2026-01-01,SKU011,5,20.32318948019092,19.0,17.5,2026-01-29,2026-02-04,7,8.96742673721365,31.67895222316819
2026-01-01,SKU011,6,20.387022425620323,19.0,17.5,2026-02-05,2026-02-11,7,9.031259682643054,31.742785168597592
2026-01-01,SKU011,7,20.353086859033276,19.0,17.5,2026-02-12,2026-02-18,7,8.997324116056006,31.708849602010545
2026-01-01,SKU011,8,20.299667464390634,19.0,17.5,2026-02-19,2026-02-25,7,8.943904721413364,31.655430207367903
2026-01-01,SKU012,1,175.06063107732902,161.0,161.5,2026-01-01,2026-01-07,7,142.18507085565557,207.93619129900247
2026-01-01,SKU012,2,177.83324812027757,161.0,161.5,2026-01-08,2026-01-14,7,144.95768789860412,210.70880834195103
2026-01-01,SKU012,3,177.96756064907024,161.0,161.5,2026-01-15,2026-01-21,7,145.09200042739678,210.8431208707437
2026-01-01,SKU012,4,181.7707182615672,161.0,161.5,2026-01-22,2026-01-28,7,148.89515803989374,214.64627848324065
2026-01-01,SKU012,5,189.41093105937807,161.0,161.5,2026-01-29,2026-02-04,7,156.53537083770462,222.28649128105152
2026-01-01,SKU012,6,199.79929097138043,161.0,161.5,2026-02-05,2026-02-11,7,166.92373074970698,232.67485119305388
2026-01-01,SKU012,7,204.85334409709122,161.0,161.5,2026-02-12,2026-02-18,7,171.97778387541777,237.72890431876468
2026-01-01,SKU012,8,201.59249100472846,161.0,161.5,2026-02-19,2026-02-25,7,168.716930783055,234.4680512264019
2026-01-01,SKU013,1,94.28306126423536,70.0,88.0,2026-01-01,2026-01-07,7,66.60554666099706,121.96057586747365
2026-01-01,SKU013,2,93.5769373650154,70.0,88.0,2026-01-08,2026-01-14,7,65.8994227617771,121.25445196825369
2026-01-01,SKU013,3,93.23949789801489,70.0,88.0,2026-01-15,2026-01-21,7,65.5619832947766,120.91701250125318
2026-01-01,SKU013,4,94.62204582977351,70.0,88.0,2026-01-22,2026-01-28,7,66.94453122653522,122.2995604330118
2026-01-01,SKU013,5,99.39822489667586,70.0,88.0,2026-01-29,2026-02-04,7,71.72071029343756,127.07573949991415
2026-01-01,SKU013,6,103.22179627123036,70.0,88.0,2026-02-05,2026-02-11,7,75.54428166799207,130.89931087446865
2026-01-01,SKU013,7,102.59611246289799,70.0,88.0,2026-02-12,2026-02-18,7,74.9185978596597,130.2736270661363
2026-01-01,SKU013,8,106.07386217114025,70.0,88.0,2026-02-19,2026-02-25,7,78.39634756790196,133.75137677437854
2026-01-01,SKU014,1,133.9568128104695,117.0,125.75,2026-01-01,2026-01-07,7,110.4324848076094,157.4811408133296
2026-01-01,SKU014,2,135.9712352952047,117.0,125.75,2026-01-08,2026-01-14,7,112.4469072923446,159.4955632980648
2026-01-01,SKU014,3,139.1748979865482,117.0,125.75,2026-01-15,2026-01-21,7,115.65056998368809,162.6992259894083
2026-01-01,SKU014,4,144.56863171030105,117.0,125.75,2026-01-22,2026-01-28,7,121.04430370744095,168.09295971316115
2026-01-01,SKU014,5,152.4611061369584,117.0,125.75,2026-01-29,2026-02-04,7,128.9367781340983,175.9854341398185
2026-01-01,SKU014,6,162.92795699620143,117.0,125.75,2026-02-05,2026-02-11,7,139.40362899334133,186.45228499906153
2026-01-01,SKU014,7,162.01068506199857,117.0,125.75,2026-02-12,2026-02-18,7,138.48635705913847,185.53501306485867
2026-01-01,SKU014,8,161.08932442643444,117.0,125.75,2026-02-19,2026-02-25,7,137.56499642357434,184.61365242929455
2026-01-01,SKU015,1,26.735525048609922,25.0,24.75,2026-01-01,2026-01-07,7,15.434623033830187,38.03642706338966
2026-01-01,SKU015,2,27.554947797030653,25.0,24.75,2026-01-08,2026-01-14,7,16.25404578225092,38.85584981181039
2026-01-01,SKU015,3,27.84797894795568,25.0,24.75,2026-01-15,2026-01-21,7,16.547076933175944,39.14888096273542
2026-01-01,SKU015,4,28.002990950092506,25.0,24.75,2026-01-22,2026-01-28,7,16.702088935312773,39.30389296487224
2026-01-01,SKU015,5,30.290997978793474,25.0,24.75,2026-01-29,2026-02-04,7,18.99009596401374,41.59189999357321
2026-01-01,SKU015,6,33.225421376298094,25.0,24.75,2026-02-05,2026-02-11,7,21.924519361518357,44.52632339107783
2026-01-01,SKU015,7,32.10089500528849,25.0,24.75,2026-02-12,2026-02-18,7,20.799992990508755,43.40179702006823
2026-01-01,SKU015,8,32.03605102179873,25.0,24.75,2026-02-19,2026-02-25,7,20.73514900701899,43.336953036578464
2026-01-01,SKU016,1,93.27907447063492,98.0,85.5,2026-01-01,2026-01-07,7,74.15421898730017,112.40392995396968
2026-01-01,SKU016,2,94.69853645689398,98.0,85.5,2026-01-08,2026-01-14,7,75.57368097355922,113.82339194022873
2026-01-01,SKU016,3,97.7344037938093,98.0,85.5,2026-01-15,2026-01-21,7,78.60954831047454,116.85925927714408
2026-01-01,SKU016,4,97.3939212657354,98.0,85.5,2026-01-22,2026-01-28,7,78.26906578240065,116.51877674907016
2026-01-01,SKU016,5,101.84153140055999,98.0,85.5,2026-01-29,2026-02-04,7,82.71667591722522,120.96638688389476
2026-01-01,SKU016,6,103.17867388059904,98.0,85.5,2026-02-05,2026-02-11,7,84.05381839726428,122.30352936393379
2026-01-01,SKU016,7,105.55705767136703,98.0,85.5,2026-02-12,2026-02-18,7,86.43220218803228,124.68191315470179
2026-01-01,SKU016,8,108.15592488831977,98.0,85.5,2026-02-19,2026-02-25,7,89.031069404985,127.28078037165454
2026-01-01,SKU017,1,94.7699343146869,99.0,92.75,2026-01-01,2026-01-07,7,66.45421483835297,123.08565379102085
2026-01-01,SKU017,2,95.47735494223961,99.0,92.75,2026-01-08,2026-01-14,7,67.16163546590568,123.79307441857355
2026-01-01,SKU017,3,95.03274804797579,99.0,92.75,2026-01-15,2026-01-21,7,66.71702857164185,123.34846752430973
2026-01-01,SKU017,4,94.52788047412419,99.0,92.75,2026-01-22,2026-01-28,7,66.21216099779025,122.84359995045813
2026-01-01,SKU017,5,99.54613867146057,99.0,92.75,2026-01-29,2026-02-04,7,71.23041919512663,127.8618581477945
2026-01-01,SKU017,6,103.46559080093488,99.0,92.75,2026-02-05,2026-02-11,7,75.14987132460094,131.78131027726883
2026-01-01,SKU017,7,104.07645228215576,99.0,92.75,2026-02-12,2026-02-18,7,75.76073280582182,132.3921717584897
2026-01-01,SKU017,8,107.48920417726603,99.0,92.75,2026-02-19,2026-02-25,7,79.1734847009321,135.80492365359999
2026-01-01,SKU018,1,170.13541898031409,146.0,157.0,2026-01-01,2026-01-07,7,146.90984024532747,193.3609977153007
2026-01-01,SKU018,2,167.04878062815507,146.0,157.0,2026-01-08,2026-01-14,7,143.82320189316846,190.27435936314168
2026-01-01,SKU018,3,169.18037469426275,146.0,157.0,2026-01-15,2026-01-21,7,145.95479595927614,192.40595342924937
2026-01-01,SKU018,4,171.4424385996602,146.0,157.0,2026-01-22,2026-01-28,7,148.21685986467358,194.6680173346468
2026-01-01,SKU018,5,172.711183136769,146.0,157.0,2026-01-29,2026-02-04,7,149.48560440178238,195.9367618717556
2026-01-01,SKU018,6,182.61261558208275,146.0,157.0,2026-02-05,2026-02-11,7,159.38703684709614,205.83819431706937
2026-01-01,SKU018,7,186.8181929737187,146.0,157.0,2026-02-12,2026-02-18,7,163.5926142387321,210.04377170870532
2026-01-01,SKU018,8,188.06058004900012,146.0,157.0,2026-02-19,2026-02-25,7,164.8350013140135,211.28615878398674
2026-01-01,SKU019,1,111.82498689498286,98.0,101.75,2026-01-01,2026-01-07,7,91.74860797559877,131.90136581436695
2026-01-01,SKU019,2,115.6743719977764,98.0,101.75,2026-01-08,2026-01-14,7,95.59799307839232,135.75075091716047
2026-01-01,SKU019,3,115.47922577478981,98.0,101.75,2026-01-15,2026-01-21,7,95.40284685540573,135.5556046941739
2026-01-01,SKU019,4,116.62552086070914,98.0,101.75,2026-01-22,2026-01-28,7,96.54914194132506,136.70189978009324
2026-01-01,SKU019,5,118.89674883451252,98.0,101.75,2026-01-29,2026-02-04,7,98.82036991512844,138.97312775389662
2026-01-01,SKU019,6,122.7185556363279,98.0,101.75,2026-02-05,2026-02-11,7,102.64217671694382,142.794934555712
2026-01-01,SKU019,7,121.24788201392712,98.0,101.75,2026-02-12,2026-02-18,7,101.17150309454304,141.32426093331122
2026-01-01,SKU019,8,121.94303197151604,98.0,101.75,2026-02-19,2026-02-25,7,101.86665305213195,142.01941089090013
2026-01-01,SKU020,1,92.48775789859849,99.0,86.0,2026-01-01,2026-01-07,7,73.28949664531319,111.68601915188378
2026-01-01,SKU020,2,92.50493953627432,99.0,86.0,2026-01-08,2026-01-14,7,73.30667828298903,111.70320078955962
2026-01-01,SKU020,3,95.25925053369855,99.0,86.0,2026-01-15,2026-01-21,7,76.06098928041325,114.45751178698384
2026-01-01,SKU020,4,94.58777435898824,99.0,86.0,2026-01-22,2026-01-28,7,75.38951310570295,113.78603561227354
2026-01-01,SKU020,5,98.0847463615683,99.0,86.0,2026-01-29,2026-02-04,7,78.88648510828301,117.2830076148536
2026-01-01,SKU020,6,100.99978533730234,99.0,86.0,2026-02-05,2026-02-11,7,81.80152408401705,120.19804659058764
2026-01-01,SKU020,7,100.53469708860399,99.0,86.0,2026-02-12,2026-02-18,7,81.3364358353187,119.73295834188929
2026-01-01,SKU020,8,101.29375573689114,99.0,86.0,2026-02-19,2026-02-25,7,82.09549448360585,120.49201699017644
2026-01-01,SKU021,1,58.44861596290266,48.0,51.5,2026-01-01,2026-01-07,7,46.48041258917996,70.41681933662535
2026-01-01,SKU021,2,58.46136535535444,48.0,51.5,2026-01-08,2026-01-14,7,46.493161981631744,70.42956872907713
2026-01-01,SKU021,3,59.66851467034415,48.0,51.5,2026-01-15,2026-01-21,7,47.70031129662146,71.63671804406685
2026-01-01,SKU021,4,62.429621847890196,48.0,51.5,2026-01-22,2026-01-28,7,50.4614184741675,74.39782522161289
2026-01-01,SKU021,5,65.1402668465087,48.0,51.5,2026-01-29,2026-02-04,7,53.172063472786,77.1084702202314
2026-01-01,SKU021,6,67.54220883436135,48.0,51.5,2026-02-05,2026-02-11,7,55.57400546063865,79.51041220808405
2026-01-01,SKU021,7,67.46281829204985,48.0,51.5,2026-02-12,2026-02-18,7,55.49461491832715,79.43102166577255
2026-01-01,SKU021,8,68.25770268576882,48.0,51.5,2026-02-19,2026-02-25,7,56.289499312046125,80.22590605949152
2026-01-01,SKU022,1,75.16877089392246,66.0,67.0,2026-01-01,2026-01-07,7,60.35394864277427,89.98359314507064
2026-01-01,SKU022,2,75.96753737670782,66.0,67.0,2026-01-08,2026-01-14,7,61.15271512555964,90.78235962785601
2026-01-01,SKU022,3,75.39063928485797,66.0,67.0,2026-01-15,2026-01-21,7,60.57581703370978,90.20546153600615
2026-01-01,SKU022,4,75.30410407461828,66.0,67.0,2026-01-22,2026-01-28,7,60.489281823470094,90.11892632576647
2026-01-01,SKU022,5,79.00537707424829,66.0,67.0,2026-01-29,2026-02-04,7,64.1905548231001,93.82019932539647
2026-01-01,SKU022,6,81.16537212004636,66.0,67.0,2026-02-05,2026-02-11,7,66.35054986889817,95.98019437119454
2026-01-01,SKU022,7,80.32938915405937,66.0,67.0,2026-02-12,2026-02-18,7,65.51456690291118,95.14421140520756
2026-01-01,SKU022,8,79.97186464520811,66.0,67.0,2026-02-19,2026-02-25,7,65.15704239405993,94.7866868963563
2026-01-01,SKU023,1,103.17965698414498,90.0,98.25,2026-01-01,2026-01-07,7,79.32238783340586,127.03692613488411
2026-01-01,SKU023,2,103.4076612518478,90.0,98.25,2026-01-08,2026-01-14,7,79.55039210110867,127.26493040258693
2026-01-01,SKU023,3,103.90603712703756,90.0,98.25,2026-01-15,2026-01-21,7,80.04876797629844,127.76330627777669
2026-01-01,SKU023,4,103.15822046731134,90.0,98.25,2026-01-22,2026-01-28,7,79.30095131657221,127.01548961805047
2026-01-01,SKU023,5,108.99224226367005,90.0,98.25,2026-01-29,2026-02-04,7,85.13497311293092,132.8495114144092
2026-01-01,SKU023,6,115.02497444349277,90.0,98.25,2026-02-05,2026-02-11,7,91.16770529275364,138.8822435942319
2026-01-01,SKU023,7,114.5324565161586,90.0,98.25,2026-02-12,2026-02-18,7,90.67518736541948,138.38972566689773
2026-01-01,SKU023,8,113.31348992648402,90.0,98.25,2026-02-19,2026-02-25,7,89.4562207757449,137.17075907722315
2026-01-01,SKU024,1,84.0518875858914,69.0,77.25,2026-01-01,2026-01-07,7,68.56453287945513,99.53924229232766
2026-01-01,SKU024,2,85.39253544540507,69.0,77.25,2026-01-08,2026-01-14,7,69.90518073896881,100.87989015184134
2026-01-01,SKU024,3,84.33928244690995,69.0,77.25,2026-01-15,2026-01-21,7,68.85192774047368,99.82663715334621
2026-01-01,SKU024,4,86.55484721681864,69.0,77.25,2026-01-22,2026-01-28,7,71.06749251038238,102.04220192325491
2026-01-01,SKU024,5,92.50182948155187,69.0,77.25,2026-01-29,2026-02-04,7,77.0144747751156,107.98918418798813
2026-01-01,SKU024,6,93.97573747646666,69.0,77.25,2026-02-05,2026-02-11,7,78.4883827700304,109.46309218290293
2026-01-01,SKU024,7,93.81049584590525,69.0,77.25,2026-02-12,2026-02-18,7,78.32314113946899,109.29785055234152
2026-01-01,SKU024,8,95.27124148787532,69.0,77.25,2026-02-19,2026-02-25,7,79.78388678143905,110.75859619431158
2026-01-01,SKU025,1,19.481098421775638,18.0,16.0,2026-01-01,2026-01-07,7,12.64779943637025,26.314397407181026
2026-01-01,SKU025,2,19.52033097040798,18.0,16.0,2026-01-08,2026-01-14,7,12.68703198500259,26.353629955813368
2026-01-01,SKU025,3,19.27893014522113,18.0,16.0,2026-01-15,2026-01-21,7,12.44563115981574,26.112229130626517
2026-01-01,SKU025,4,19.31951985720812,18.0,16.0,2026-01-22,2026-01-28,7,12.486220871802733,26.15281884261351
2026-01-01,SKU025,5,20.572735897183858,18.0,16.0,2026-01-29,2026-02-04,7,13.73943691177847,27.406034882589246
2026-01-01,SKU025,6,21.105613617208967,18.0,16.0,2026-02-05,2026-02-11,7,14.272314631803578,27.938912602614355
2026-01-01,SKU025,7,20.53781451953981,18.0,16.0,2026-02-12,2026-02-18,7,13.704515534134423,27.3711135049452
2026-01-01,SKU025,8,20.494795098703193,18.0,16.0,2026-02-19,2026-02-25,7,13.661496113297805,27.32809408410858
2026-01-01,SKU026,1,148.90885917022155,129.0,141.0,2026-01-01,2026-01-07,7,123.40235888452986,174.41535945591323
2026-01-01,SKU026,2,150.60848707013315,129.0,141.0,2026-01-08,2026-01-14,7,125.10198678444146,176.11498735582484
2026-01-01,SKU026,3,149.38091237072413,129.0,141.0,2026-01-15,2026-01-21,7,123.87441208503245,174.88741265641582
2026-01-01,SKU026,4,152.53010368691258,129.0,141.0,2026-01-22,2026-01-28,7,127.0236034012209,178.03660397260427
2026-01-01,SKU026,5,164.9245150766044,129.0,141.0,2026-01-29,2026-02-04,7,139.4180147909127,190.43101536229608
2026-01-01,SKU026,6,173.34298861821884,129.0,141.0,2026-02-05,2026-02-11,7,147.83648833252715,198.84948890391053
2026-01-01,SKU026,7,170.66488728915763,129.0,141.0,2026-02-12,2026-02-18,7,145.15838700346595,196.17138757484932
2026-01-01,SKU026,8,172.42663896896454,129.0,141.0,2026-02-19,2026-02-25,7,146.92013868327285,197.93313925465623
2026-01-01,SKU027,1,174.00656049211324,142.0,161.25,2026-01-01,2026-01-07,7,131.67463794982723,216.33848303439925
2026-01-01,SKU027,2,176.57988924302012,142.0,161.25,2026-01-08,2026-01-14,7,134.24796670073414,218.9118117853061
2026-01-01,SKU027,3,178.47463025509603,142.0,161.25,2026-01-15,2026-01-21,7,136.14270771281002,220.80655279738204
2026-01-01,SKU027,4,176.83862682912016,142.0,161.25,2026-01-22,2026-01-28,7,134.50670428683418,219.17054937140614
2026-01-01,SKU027,5,185.8217615535227,142.0,161.25,2026-01-29,2026-02-04,7,143.4898390112367,228.15368409580867
2026-01-01,SKU027,6,191.71594311601248,142.0,161.25,2026-02-05,2026-02-11,7,149.3840205737265,234.04786565829846
2026-01-01,SKU027,7,189.98380803231566,142.0,161.25,2026-02-12,2026-02-18,7,147.65188549002966,232.31573057460167
2026-01-01,SKU027,8,192.97054085679412,142.0,161.25,2026-02-19,2026-02-25,7,150.6386183145081,235.30246339908012
2026-01-01,SKU028,1,32.61328639131245,30.0,28.0,2026-01-01,2026-01-07,7,20.88831321160795,44.33825957101695
2026-01-01,SKU028,2,34.16446932188471,30.0,28.0,2026-01-08,2026-01-14,7,22.43949614218021,45.88944250158921
2026-01-01,SKU028,3,35.673225330206186,30.0,28.0,2026-01-15,2026-01-21,7,23.948252150501688,47.398198509910685
2026-01-01,SKU028,4,37.561565401931645,30.0,28.0,2026-01-22,2026-01-28,7,25.836592222227146,49.286538581636144
2026-01-01,SKU028,5,38.64236193584073,30.0,28.0,2026-01-29,2026-02-04,7,26.917388756136233,50.36733511554523
2026-01-01,SKU028,6,39.61453361206851,30.0,28.0,2026-02-05,2026-02-11,7,27.889560432364014,51.33950679177301
2026-01-01,SKU028,7,39.98184501693251,30.0,28.0,2026-02-12,2026-02-18,7,28.25687183722801,51.70681819663701
2026-01-01,SKU028,8,41.26169475238002,30.0,28.0,2026-02-19,2026-02-25,7,29.536721572675525,52.98666793208452
2026-01-01,SKU029,1,109.83556848804629,88.0,103.75,2026-01-01,2026-01-07,7,89.02547825373979,130.64565872235278
2026-01-01,SKU029,2,112.06805273631907,88.0,103.75,2026-01-08,2026-01-14,7,91.25796250201257,132.87814297062556
2026-01-01,SKU029,3,112.07205001206258,88.0,103.75,2026-01-15,2026-01-21,7,91.26195977775608,132.8821402463691
2026-01-01,SKU029,4,113.46935048954802,88.0,103.75,2026-01-22,2026-01-28,7,92.65926025524152,134.27944072385452
2026-01-01,SKU029,5,118.76970781815774,88.0,103.75,2026-01-29,2026-02-04,7,97.95961758385124,139.57979805246424
2026-01-01,SKU029,6,123.19339602894598,88.0,103.75,2026-02-05,2026-02-11,7,102.38330579463948,144.00348626325248
2026-01-01,SKU029,7,121.80464066679616,88.0,103.75,2026-02-12,2026-02-18,7,100.99455043248966,142.61473090110266
2026-01-01,SKU029,8,121.00812472622216,88.0,103.75,2026-02-19,2026-02-25,7,100.19803449191566,141.81821496052868
2026-01-01,SKU030,1,32.43753432336208,30.0,29.75,2026-01-01,2026-01-07,7,23.203408034718507,41.67166061200565
2026-01-01,SKU030,2,32.72694622815902,30.0,29.75,2026-01-08,2026-01-14,7,23.49281993951545,41.961072516802595
2026-01-01,SKU030,3,32.890870034868804,30.0,29.75,2026-01-15,2026-01-21,7,23.65674374622523,42.12499632351238
2026-01-01,SKU030,4,34.015086599906425,30.0,29.75,2026-01-22,2026-01-28,7,24.780960311262852,43.24921288855
2026-01-01,SKU030,5,36.48983746845302,30.0,29.75,2026-01-29,2026-02-04,7,27.255711179809445,45.72396375709659
2026-01-01,SKU030,6,37.10025408781753,30.0,29.75,2026-02-05,2026-02-11,7,27.86612779917396,46.334380376461105
2026-01-01,SKU030,7,36.66418366758905,30.0,29.75,2026-02-12,2026-02-18,7,27.430057378945477,45.89830995623262
2026-01-01,SKU030,8,36.988561441682585,30.0,29.75,2026-02-19,2026-02-25,7,27.75443515303901,46.22268773032616
2026-01-01,SKU031,1,129.23669530334618,111.0,109.75,2026-01-01,2026-01-07,7,111.74016021124135,146.73323039545102
2026-01-01,SKU031,2,133.23314144575744,111.0,109.75,2026-01-08,2026-01-14,7,115.7366063536526,150.72967653786228
2026-01-01,SKU031,3,134.74090973909784,111.0,109.75,2026-01-15,2026-01-21,7,117.24437464699301,152.23744483120268
2026-01-01,SKU031,4,139.80155328943846,111.0,109.75,2026-01-22,2026-01-28,7,122.30501819733362,157.2980883815433
2026-01-01,SKU031,5,145.4503796736551,111.0,109.75,2026-01-29,2026-02-04,7,127.95384458155027,162.94691476575994
2026-01-01,SKU031,6,149.60503734652937,111.0,109.75,2026-02-05,2026-02-11,7,132.10850225442454,167.1015724386342
2026-01-01,SKU031,7,147.82369701406714,111.0,109.75,2026-02-12,2026-02-18,7,130.3271619219623,165.32023210617197
2026-01-01,SKU031,8,148.9608663506359,111.0,109.75,2026-02-19,2026-02-25,7,131.46433125853108,166.45740144274075
2026-01-01,SKU032,1,62.44555718975903,63.0,59.0,2026-01-01,2026-01-07,7,50.14337380217532,74.74774057734274
2026-01-01,SKU032,2,63.24276644427417,63.0,59.0,2026-01-08,2026-01-14,7,50.94058305669046,75.54494983185788
2026-01-01,SKU032,3,63.74022613127495,63.0,59.0,2026-01-15,2026-01-21,7,51.43804274369124,76.04240951885866
2026-01-01,SKU032,4,66.8283362154058,63.0,59.0,2026-01-22,2026-01-28,7,54.52615282782209,79.13051960298951
2026-01-01,SKU032,5,71.0484987873854,63.0,59.0,2026-01-29,2026-02-04,7,58.74631539980169,83.35068217496911
2026-01-01,SKU032,6,73.47598739640752,63.0,59.0,2026-02-05,2026-02-11,7,61.17380400882381,85.77817078399123
2026-01-01,SKU032,7,73.18344761071518,63.0,59.0,2026-02-12,2026-02-18,7,60.88126422313147,85.48563099829889
2026-01-01,SKU032,8,74.14535702014449,63.0,59.0,2026-02-19,2026-02-25,7,61.84317363256078,86.4475404077282
2026-01-01,SKU033,1,117.5208187064625,106.0,106.75,2026-01-01,2026-01-07,7,91.03591234729785,144.00572506562716
2026-01-01,SKU033,2,119.25075911813803,106.0,106.75,2026-01-08,2026-01-14,7,92.76585275897338,145.7356654773027
2026-01-01,SKU033,3,121.97566008458182,106.0,106.75,2026-01-15,2026-01-21,7,95.49075372541716,148.46056644374647
2026-01-01,SKU033,4,123.38895582498805,106.0,106.75,2026-01-22,2026-01-28,7,96.90404946582339,149.8738621841527
2026-01-01,SKU033,5,129.66571585725632,106.0,106.75,2026-01-29,2026-02-04,7,103.18080949809166,156.15062221642097
2026-01-01,SKU033,6,133.32269364667653,106.0,106.75,2026-02-05,2026-02-11,7,106.83778728751187,159.80760000584118
2026-01-01,SKU033,7,132.19394014542405,106.0,106.75,2026-02-12,2026-02-18,7,105.7090337862594,158.6788465045887
2026-01-01,SKU033,8,132.2138849915396,106.0,106.75,2026-02-19,2026-02-25,7,105.72897863237495,158.69879135070425
2026-01-01,SKU034,1,129.13513940100387,118.0,123.00000000000001,2026-01-01,2026-01-07,7,97.33632515653521,160.93395364547254
2026-01-01,SKU034,2,130.8943982497419,118.0,123.00000000000001,2026-01-08,2026-01-14,7,99.09558400527324,162.69321249421057
2026-01-01,SKU034,3,135.0605586888965,118.0,123.00000000000001,2026-01-15,2026-01-21,7,103.26174444442783,166.85937293336517
2026-01-01,SKU034,4,136.4589075753103,118.0,123.00000000000001,2026-01-22,2026-01-28,7,104.66009333084163,168.25772181977896
2026-01-01,SKU034,5,143.03654496158106,118.0,123.00000000000001,2026-01-29,2026-02-04,7,111.2377307171124,174.83535920604973
2026-01-01,SKU034,6,149.46175923202483,118.0,123.00000000000001,2026-02-05,2026-02-11,7,117.66294498755617,181.2605734764935
2026-01-01,SKU034,7,144.68418598863707,118.0,123.00000000000001,2026-02-12,2026-02-18,7,112.88537174416841,176.48300023310574
2026-01-01,SKU034,8,141.01177035317056,118.0,123.00000000000001,2026-02-19,2026-02-25,7,109.2129561087019,172.81058459763923
2026-01-01,SKU035,1,144.97788971998014,125.0,131.25,2026-01-01,2026-01-07,7,123.40923247412687,166.54654696583341
2026-01-01,SKU035,2,142.9514966440284,125.0,131.25,2026-01-08,2026-01-14,7,121.38283939817512,164.52015388988167
2026-01-01,SKU035,3,145.07909651971187,125.0,131.25,2026-01-15,2026-01-21,7,123.5104392738586,166.64775376556514
2026-01-01,SKU035,4,145.2609024692045,125.0,131.25,2026-01-22,2026-01-28,7,123.69224522335122,166.82955971505777
2026-01-01,SKU035,5,148.78848450231317,125.0,131.25,2026-01-29,2026-02-04,7,127.2198272564599,170.35714174816644
2026-01-01,SKU035,6,162.17696094255137,125.0,131.25,2026-02-05,2026-02-11,7,140.6083036966981,183.74561818840465
2026-01-01,SKU035,7,160.21124961886125,125.0,131.25,2026-02-12,2026-02-18,7,138.64259237300797,181.77990686471452
2026-01-01,SKU035,8,158.13278330770692,125.0,131.25,2026-02-19,2026-02-25,7,136.56412606185364,179.7014405535602
2026-01-01,SKU036,1,32.18849282588317,27.0,30.750000000000004,2026-01-01,2026-01-07,7,20.008496924689638,44.36848872707671
2026-01-01,SKU036,2,33.35492516066595,27.0,30.750000000000004,2026-01-08,2026-01-14,7,21.174929259472414,45.534921061859485
2026-01-01,SKU036,3,33.13349388758895,27.0,30.750000000000004,2026-01-15,2026-01-21,7,20.953497986395412,45.31348978878248
2026-01-01,SKU036,4,33.17417323520867,27.0,30.750000000000004,2026-01-22,2026-01-28,7,20.994177334015134,45.354169136402206
2026-01-01,SKU036,5,36.295576672335294,27.0,30.750000000000004,2026-01-29,2026-02-04,7,24.115580771141758,48.47557257352883
2026-01-01,SKU036,6,36.86404658930247,27.0,30.750000000000004,2026-02-05,2026-02-11,7,24.684050688108933,49.044042490496004
2026-01-01,SKU036,7,36.07882080017202,27.0,30.750000000000004,2026-02-12,2026-02-18,7,23.898824898978482,48.258816701365554
2026-01-01,SKU036,8,36.423533105656205,27.0,30.750000000000004,2026-02-19,2026-02-25,7,24.24353720446267,48.60352900684974
2026-01-01,SKU037,1,153.70915923799413,150.0,145.25,2026-01-01,2026-01-07,7,117.77839390781325,189.639924568175
2026-01-01,SKU037,2,159.55849269286318,150.0,145.25,2026-01-08,2026-01-14,7,123.62772736268231,195.48925802304404
2026-01-01,SKU037,3,160.825363481655,150.0,145.25,2026-01-15,2026-01-21,7,124.89459815147411,196.75612881183588
2026-01-01,SKU037,4,163.0838086553594,150.0,145.25,2026-01-22,2026-01-28,7,127.15304332517853,199.01457398554027
2026-01-01,SKU037,5,172.78684031511943,150.0,145.25,2026-01-29,2026-02-04,7,136.85607498493857,208.7176056453003
2026-01-01,SKU037,6,183.37779174534927,150.0,145.25,2026-02-05,2026-02-11,7,147.4470264151684,219.30855707553013
2026-01-01,SKU037,7,186.79862902472848,150.0,145.25,2026-02-12,2026-02-18,7,150.86786369454762,222.72939435490935
2026-01-01,SKU037,8,191.339278453469,150.0,145.25,2026-02-19,2026-02-25,7,155.40851312328812,227.2700437836499
2026-01-01,SKU038,1,54.20108967037138,60.0,52.25,2026-01-01,2026-01-07,7,36.386867558749415,72.01531178199335
2026-01-01,SKU038,2,53.527958822270335,60.0,52.25,2026-01-08,2026-01-14,7,35.71373671064836,71.34218093389231
2026-01-01,SKU038,3,54.06255956747528,60.0,52.25,2026-01-15,2026-01-21,7,36.24833745585332,71.87678167909725
2026-01-01,SKU038,4,55.1512420945777,60.0,52.25,2026-01-22,2026-01-28,7,37.337019982955724,72.96546420619967
2026-01-01,SKU038,5,56.07209099907794,60.0,52.25,2026-01-29,2026-02-04,7,38.25786888745597,73.88631311069992
2026-01-01,SKU038,6,57.04898975396398,60.0,52.25,2026-02-05,2026-02-11,7,39.23476764234201,74.86321186558595
2026-01-01,SKU038,7,57.769595970607185,60.0,52.25,2026-02-12,2026-02-18,7,39.95537385898521,75.58381808222916
2026-01-01,SKU038,8,58.80176394592522,60.0,52.25,2026-02-19,2026-02-25,7,40.987541834303244,76.61598605754719
2026-01-01,SKU039,1,20.817514493480495,22.0,17.0,2026-01-01,2026-01-07,7,11.320204937306984,30.314824049654007
2026-01-01,SKU039,2,20.859540816743646,22.0,17.0,2026-01-08,2026-01-14,7,11.362231260570136,30.356850372917158
2026-01-01,SKU039,3,21.608149938365667,22.0,17.0,2026-01-15,2026-01-21,7,12.110840382192157,31.105459494539176
2026-01-01,SKU039,4,21.40716082433253,22.0,17.0,2026-01-22,2026-01-28,7,11.909851268159018,30.90447038050604
2026-01-01,SKU039,5,22.657024436221555,22.0,17.0,2026-01-29,2026-02-04,7,13.159714880048044,32.15433399239507
2026-01-01,SKU039,6,23.201764699577563,22.0,17.0,2026-02-05,2026-02-11,7,13.704455143404052,32.69907425575107
2026-01-01,SKU039,7,22.994756393281875,22.0,17.0,2026-02-12,2026-02-18,7,13.497446837108365,32.49206594945539
2026-01-01,SKU039,8,24.636777296293538,22.0,17.0,2026-02-19,2026-02-25,7,15.139467740120027,34.13408685246705
2026-01-01,SKU040,1,100.18965296920086,58.0,91.0,2026-01-01,2026-01-07,7,75.21747917756309,125.16182676083864
2026-01-01,SKU040,2,97.54597470102684,58.0,91.0,2026-01-08,2026-01-14,7,72.57380090938906,122.51814849266461
2026-01-01,SKU040,3,97.32265303531969,58.0,91.0,2026-01-15,2026-01-21,7,72.35047924368192,122.29482682695746
2026-01-01,SKU040,4,100.58566537788317,58.0,91.0,2026-01-22,2026-01-28,7,75.6134915862454,125.55783916952095
2026-01-01,SKU040,5,106.90033089648377,58.0,91.0,2026-01-29,2026-02-04,7,81.928157104846,131.87250468812152
2026-01-01,SKU040,6,113.54460969328039,58.0,91.0,2026-02-05,2026-02-11,7,88.57243590164262,138.51678348491816
2026-01-01,SKU040,7,116.68093522699769,58.0,91.0,2026-02-12,2026-02-18,7,91.70876143535992,141.65310901863546
2026-01-01,SKU040,8,117.68366071828737,58.0,91.0,2026-02-19,2026-02-25,7,92.7114869266496,142.65583450992514
2026-01-01,SKU041,1,77.63891182294294,64.0,69.0,2026-01-01,2026-01-07,7,57.32399568908681,97.95382795679907
2026-01-01,SKU041,2,77.18792207029857,64.0,69.0,2026-01-08,2026-01-14,7,56.87300593644243,97.5028382041547
2026-01-01,SKU041,3,76.97903485969341,64.0,69.0,2026-01-15,2026-01-21,7,56.66411872583728,97.29395099354954
2026-01-01,SKU041,4,78.02035828653739,64.0,69.0,2026-01-22,2026-01-28,7,57.70544215268125,98.33527442039352
2026-01-01,SKU041,5,82.93965499856317,64.0,69.0,2026-01-29,2026-02-04,7,62.624738864707034,103.2545711324193
2026-01-01,SKU041,6,83.11170003502443,64.0,69.0,2026-02-05,2026-02-11,7,62.79678390116829,103.42661616888057
2026-01-01,SKU041,7,81.79374614798171,64.0,69.0,2026-02-12,2026-02-18,7,61.47883001412557,102.10866228183784
2026-01-01,SKU041,8,82.63790056547842,64.0,69.0,2026-02-19,2026-02-25,7,62.32298443162228,102.95281669933456
2026-01-01,SKU042,1,158.03368760808866,144.0,148.5,2026-01-01,2026-01-07,7,134.91885543519547,181.14851978098184
2026-01-01,SKU042,2,156.1101868511153,144.0,148.5,2026-01-08,2026-01-14,7,132.9953546782221,179.22501902400847
2026-01-01,SKU042,3,156.74934832855507,144.0,148.5,2026-01-15,2026-01-21,7,133.63451615566188,179.86418050144826
2026-01-01,SKU042,4,155.87102925950782,144.0,148.5,2026-01-22,2026-01-28,7,132.75619708661463,178.985861432401
2026-01-01,SKU042,5,165.13322859627618,144.0,148.5,2026-01-29,2026-02-04,7,142.018396423383,188.24806076916937
2026-01-01,SKU042,6,172.81188374045618,144.0,148.5,2026-02-05,2026-02-11,7,149.697051567563,195.92671591334937
2026-01-01,SKU042,7,172.65208268171813,144.0,148.5,2026-02-12,2026-02-18,7,149.53725050882494,195.76691485461131
2026-01-01,SKU042,8,172.63729108641877,144.0,148.5,2026-02-19,2026-02-25,7,149.52245891352558,195.75212325931196
2026-01-01,SKU043,1,154.82158829837368,162.0,136.0,2026-01-01,2026-01-07,7,126.2450477273623,183.39812886938506
2026-01-01,SKU043,2,154.7471150916775,162.0,136.0,2026-01-08,2026-01-14,7,126.17057452066612,183.32365566268888
2026-01-01,SKU043,3,159.88466491393123,162.0,136.0,2026-01-15,2026-01-21,7,131.30812434291985,188.4612054849426
2026-01-01,SKU043,4,162.54056821653512,162.0,136.0,2026-01-22,2026-01-28,7,133.96402764552374,191.1171087875465
2026-01-01,SKU043,5,168.8432075240055,162.0,136.0,2026-01-29,2026-02-04,7,140.26666695299411,197.41974809501687
2026-01-01,SKU043,6,176.47261137393892,162.0,136.0,2026-02-05,2026-02-11,7,147.89607080292754,205.0491519449503
2026-01-01,SKU043,7,173.89868312165032,162.0,136.0,2026-02-12,2026-02-18,7,145.32214255063894,202.4752236926617
2026-01-01,SKU043,8,174.48211807434313,162.0,136.0,2026-02-19,2026-02-25,7,145.90557750333176,203.0586586453545
2026-01-01,SKU044,1,63.903113902995685,58.0,55.75,2026-01-01,2026-01-07,7,52.31509747323045,75.49113033276092
2026-01-01,SKU044,2,68.37802861274648,58.0,55.75,2026-01-08,2026-01-14,7,56.79001218298124,79.96604504251171
2026-01-01,SKU044,3,68.99722453019452,58.0,55.75,2026-01-15,2026-01-21,7,57.40920810042928,80.58524095995975
2026-01-01,SKU044,4,70.72233280590777,58.0,55.75,2026-01-22,2026-01-28,7,59.134316376142536,82.310349235673
2026-01-01,SKU044,5,74.28724882152434,58.0,55.75,2026-01-29,2026-02-04,7,62.69923239175911,85.87526525128958
2026-01-01,SKU044,6,75.4608255166011,58.0,55.75,2026-02-05,2026-02-11,7,63.87280908683587,87.04884194636634
2026-01-01,SKU044,7,75.55152584398596,58.0,55.75,2026-02-12,2026-02-18,7,63.963509414220724,87.13954227375119
2026-01-01,SKU044,8,75.94380849887105,58.0,55.75,2026-02-19,2026-02-25,7,64.35579206910582,87.53182492863628
2026-01-01,SKU045,1,167.83735781099216,164.0,147.5,2026-01-01,2026-01-07,7,127.31397290900128,208.36074271298304
2026-01-01,SKU045,2,172.32742091854016,164.0,147.5,2026-01-08,2026-01-14,7,131.80403601654928,212.85080582053104
2026-01-01,SKU045,3,180.28520787988816,164.0,147.5,2026-01-15,2026-01-21,7,139.76182297789728,220.80859278187904
2026-01-01,SKU045,4,178.2608896901753,164.0,147.5,2026-01-22,2026-01-28,7,137.73750478818442,218.78427459216618
2026-01-01,SKU045,5,187.72923156637273,164.0,147.5,2026-01-29,2026-02-04,7,147.20584666438185,228.2526164683636
2026-01-01,SKU045,6,196.8188116426109,164.0,147.5,2026-02-05,2026-02-11,7,156.29542674062003,237.3421965446018
2026-01-01,SKU045,7,202.51048570962897,164.0,147.5,2026-02-12,2026-02-18,7,161.9871008076381,243.03387061161985
2026-01-01,SKU045,8,201.52008193654567,164.0,147.5,2026-02-19,2026-02-25,7,160.99669703455478,242.04346683853655
2026-01-01,SKU046,1,62.701372423842514,49.0,58.5,2026-01-01,2026-01-07,7,47.18349390656088,78.21925094112416
2026-01-01,SKU046,2,63.32285008312632,49.0,58.5,2026-01-08,2026-01-14,7,47.80497156584468,78.84072860040796
2026-01-01,SKU046,3,62.90098752902342,49.0,58.5,2026-01-15,2026-01-21,7,47.38310901174178,78.41886604630506
2026-01-01,SKU046,4,64.2857327734451,49.0,58.5,2026-01-22,2026-01-28,7,48.76785425616347,79.80361129072674
2026-01-01,SKU046,5,70.46383456954766,49.0,58.5,2026-01-29,2026-02-04,7,54.94595605226602,85.9817130868293
2026-01-01,SKU046,6,72.82342798168492,49.0,58.5,2026-02-05,2026-02-11,7,57.30554946440328,88.34130649896656
2026-01-01,SKU046,7,72.68035107625786,49.0,58.5,2026-02-12,2026-02-18,7,57.162472558976226,88.19822959353951
2026-01-01,SKU046,8,73.84109314721012,49.0,58.5,2026-02-19,2026-02-25,7,58.32321462992848,89.35897166449175
2026-01-01,SKU047,1,99.33091005202346,93.0,97.25,2026-01-01,2026-01-07,7,82.70784648274854,115.95397362129837
2026-01-01,SKU047,2,97.37388531694711,93.0,97.25,2026-01-08,2026-01-14,7,80.75082174767219,113.99694888622203
2026-01-01,SKU047,3,97.3214200366873,93.0,97.25,2026-01-15,2026-01-21,7,80.69835646741238,113.94448360596222
2026-01-01,SKU047,4,96.33877979697527,93.0,97.25,2026-01-22,2026-01-28,7,79.71571622770036,112.96184336625019
2026-01-01,SKU047,5,101.38699164343586,93.0,97.25,2026-01-29,2026-02-04,7,84.76392807416094,118.01005521271078
2026-01-01,SKU047,6,104.84891815363355,93.0,97.25,2026-02-05,2026-02-11,7,88.22585458435863,121.47198172290847
2026-01-01,SKU047,7,107.31455098179313,93.0,97.25,2026-02-12,2026-02-18,7,90.69148741251821,123.93761455106805
2026-01-01,SKU047,8,108.99776582988711,93.0,97.25,2026-02-19,2026-02-25,7,92.3747022606122,125.62082939916203
2026-01-01,SKU048,1,56.57577014789209,40.0,50.75,2026-01-01,2026-01-07,7,38.1318707458077,75.01966954997647
2026-01-01,SKU048,2,56.85161139086698,40.0,50.75,2026-01-08,2026-01-14,7,38.407711988782594,75.29551079295136
2026-01-01,SKU048,3,57.26114576257529,40.0,50.75,2026-01-15,2026-01-21,7,38.817246360490905,75.70504516465968
2026-01-01,SKU048,4,59.381057848837585,40.0,50.75,2026-01-22,2026-01-28,7,40.9371584467532,77.82495725092197
2026-01-01,SKU048,5,62.534790369659646,40.0,50.75,2026-01-29,2026-02-04,7,44.09089096757526,80.97868977174403
2026-01-01,SKU048,6,63.61978025529472,40.0,50.75,2026-02-05,2026-02-11,7,45.17588085321034,82.06367965737911
2026-01-01,SKU048,7,64.58803713120129,40.0,50.75,2026-02-12,2026-02-18,7,46.144137729116906,83.03193653328567
2026-01-01,SKU048,8,65.83952322564436,40.0,50.75,2026-02-19,2026-02-25,7,47.39562382355997,84.28342262772874
2026-01-01,SKU049,1,176.25314736199732,150.0,156.75,2026-01-01,2026-01-07,7,149.54320983001057,202.96308489398407
2026-01-01,SKU049,2,175.2924492775914,150.0,156.75,2026-01-08,2026-01-14,7,148.58251174560465,202.00238680957816
2026-01-01,SKU049,3,178.18518094069933,150.0,156.75,2026-01-15,2026-01-21,7,151.47524340871257,204.89511847268608
2026-01-01,SKU049,4,172.5428434816833,150.0,156.75,2026-01-22,2026-01-28,7,145.83290594969654,199.25278101367005
2026-01-01,SKU049,5,184.05832814090357,150.0,156.75,2026-01-29,2026-02-04,7,157.34839060891682,210.76826567289032
2026-01-01,SKU049,6,193.58501600115125,150.0,156.75,2026-02-05,2026-02-11,7,166.8750784691645,220.294953533138
2026-01-01,SKU049,7,195.29498373839525,150.0,156.75,2026-02-12,2026-02-18,7,168.5850462064085,222.004921270382
2026-01-01,SKU049,8,198.17701233797018,150.0,156.75,2026-02-19,2026-02-25,7,171.46707480598343,224.88694986995694
2026-01-01,SKU050,1,43.09587767320592,60.0,41.25,2026-01-01,2026-01-07,7,26.46894276359325,59.72281258281859
2026-01-01,SKU050,2,44.32332175235726,60.0,41.25,2026-01-08,2026-01-14,7,27.69638684274459,60.95025666196993
2026-01-01,SKU050,3,46.905337691898794,60.0,41.25,2026-01-15,2026-01-21,7,30.278402782286125,63.532272601511465
2026-01-01,SKU050,4,47.44897602954285,60.0,41.25,2026-01-22,2026-01-28,7,30.82204111993018,64.07591093915552
2026-01-01,SKU050,5,48.31397308361142,60.0,41.25,2026-01-29,2026-02-04,7,31.687038173998754,64.94090799322409
2026-01-01,SKU050,6,50.245907863985664,60.0,41.25,2026-02-05,2026-02-11,7,33.61897295437299,66.87284277359834
2026-01-01,SKU050,7,49.46985824627126,60.0,41.25,2026-02-12,2026-02-18,7,32.842923336658586,66.09679315588393
2026-01-01,SKU050,8,49.11556649143129,60.0,41.25,2026-02-19,2026-02-25,7,32.48863158181862,65.74250140104395
